AAMC-A,AAU-A,ACU-A,ACY-A,AE-A,AEF-A,AINC-A,AIRI-A,AKG-A,ALN-A,ALO-A,AMBO-A,AMPE-A,AMS-A,APHB-A,APT-A,ARNC^-A,ASB.WS-A,ASM-A,AST-A,ATEST-A,ATEST.A-A,ATEST.B-A,ATEST.C-A,ATNM-A,AUG-A,AUMN-A,AWX-A,AXU-A,BCV-A,BCV^A-A,BDL-A,BDR-A,BGI-A,BGSF-A,BHB-A,BKJ-A,BKTI-A,BPMX-A,BRG-A,BRG^A-A,BRG^C-A,BRG^D-A,BRN-A,BTG-A,BTN-A,BTX-A,BVX-A,BWL.A-A,CANF-A,CAW-A,CCA-A,CCF-A,CDOR-A,CEI-A,CET-A,CEV-A,CIK-A,CIX-A,CKX-A,CLM-A,CMCL-A,CMT-A,COHN-A,CPHI-A,CQP-A,CRF-A,CRHM-A,CRMD-A,CTEK-A,CTO-A,CUO-A,CVM-A,CVM.WS-A,CVR-A,CVRS-A,CVU-A,DGSE-A,DHY-A,DIT-A,DLA-A,DMF-A,DNN-A,DPW-A,DSS-A,DXF-A,DXR-A,EAD-A,ECF-A,ECF^A-A,EGI-A,EIA-A,EIM-A,EIO-A,EIP-A,EIV-A,ELLO-A,ELMD-A,EMAN-A,EMI-A,EMJ-A,EMX-A,ENSV-A,ENX-A,EPM-A,ERC-A,ERH-A,ESNC-A,ESP-A,EVBN-A,EVI-A,EVJ-A,EVM-A,EVO-A,EVP-A,EVV-A,EVY-A,FAX-A,FCO-A,FEN-A,FRD-A,FSI-A,FSP-A,FTF-A,FTF~-A,FTNW-A,GBR-A,GDP-A,GGN-A,GGN^B-A,GGO-A,GGO^A-A,GLF-A,GLF.WS-A,GLO-A,GLOW-A,GLQ-A,GLU-A,GLU^A-A,GLV-A,GMO-A,GORO-A,GPL-A,GRF-A,GSAT-A,GSB-A,GSS-A,GSV-A,GTE-A,GV-A,HCAC-A,HCAC.U-A,HCAC.WS-A,HEB-A,HLM^-A,HLTH-A,HMG-A,HNW-A,HUSA-A,IAF-A,IBIO-A,IBO-A,IDN-A,IEC-A,IGC-A,IHT-A,IMH-A,IMO-A,IMUC-A,IMUC.WS-A,INFU-A,INS-A,INTT-A,INUV-A,IOR-A,IPB-A,ISDR-A,ISR-A,ITP-A,JOB-A,KIQ-A,LBY-A,LEU-A,LEVB-A,LGL-A,LIQT-A,LLEX-A,LNG-A,LODE-A,LOV-A,LTS-A,LTS^A-A,LTSF-A,LTSK-A,LTSL-A,MAB-A,MAG-A,MCF-A,MHH-A,MICR-A,MIW-A,MJCO-A,MLSS-A,MMV-A,MNI-A,MOC-A,MSN-A,MTNB-A,MXC-A,MYO-A,NAK-A,NAVB-A,NBH-A,NBO-A,NBW-A,NBY-A,NEN-A,NES-A,NG-A,NGD-A,NHC-A,NHS-A,NML-A,NNVC-A,NOG-A,NRO-A,NSPR-A,NSPR.WS-A,NSPR.WS.B-A,NSU-A,NTIP-A,NTN-A,NXE-A,NYH-A,OCX-A,OGEN-A,ORM-A,PCG^A-A,PCG^B-A,PCG^C-A,PCG^D-A,PCG^E-A,PCG^G-A,PCG^H-A,PCG^I-A,PED-A,PFNX-A,PLG-A,PLM-A,PLX-A,PLYM-A,PLYM^A-A,PRK-A,PTN-A,PW-A,PW^A-A,PZG-A,RCG-A,REED-A,REI-A,RFL-A,RHE-A,RHE^A-A,RIF-A,RLGT-A,RLGT^A-A,RNN-A,ROX-A,RVP-A,SACH-A,SAND-A,SCE^B-A,SCE^C-A,SCE^D-A,SCE^E-A,SDI-A,SDPI-A,SEB-A,SENS-A,SGB-A,SIF-A,SILV-A,SIM-A,SMTS-A,SNMP-A,SRCI-A,SSY-A,SVM-A,SVT-A,SYN-A,TALO.WS-A,TAT-A,TEUM-A,TGB-A,TGC-A,THM-A,TIK-A,TIS-A,TKAT-A,TMP-A,TMQ-A,TPHS-A,TRT-A,TRX-A,TRXC-A,UAMY-A,UAVS-A,UEC-A,UFAB-A,UQM-A,URG-A,USAS-A,UTG-A,UUU-A,UUUU-A,UUUU.WS-A,UWN-A,VCF-A,VFL-A,VGZ-A,VHC-A,VISI-A,VKI-A,VMM-A,VNRX-A,WRN-A,WTT-A,WYY-A,XPL-A,XTNT-A,XXII-A,YUMA-A,ZDGE-A,ZOM-A

AABA-Q,AAL-Q,AAME-Q,AAOI-Q,AAON-Q,AAPL-Q,AAWW-Q,AAXJ-Q,AAXN-Q,ABAC-Q,ABCB-Q,ABCD-Q,ABDC-Q,ABEO-Q,ABEOW-Q,ABIL-Q,ABIO-Q,ABMD-Q,ABP-Q,ABTX-Q,ABUS-Q,ACAD-Q,ACBI-Q,ACCP-Q,ACER-Q,ACET-Q,ACGL-Q,ACGLO-Q,ACGLP-Q,ACHC-Q,ACHN-Q,ACHV-Q,ACIA-Q,ACIU-Q,ACIW-Q,ACLS-Q,ACMR-Q,ACNB-Q,ACOR-Q,ACRS-Q,ACRX-Q,ACST-Q,ACT-Q,ACTG-Q,ACWI-Q,ACWX-Q,ACXM-Q,ADAP-Q,ADBE-Q,ADES-Q,ADI-Q,ADIL-Q,ADILW-Q,ADMA-Q,ADMP-Q,ADMS-Q,ADOM-Q,ADP-Q,ADRA-Q,ADRD-Q,ADRE-Q,ADRO-Q,ADRU-Q,ADSK-Q,ADTN-Q,ADUS-Q,ADVM-Q,ADXS-Q,ADXSW-Q,AEGN-Q,AEHR-Q,AEIS-Q,AEMD-Q,AERI-Q,AETI-Q,AEY-Q,AEYE-Q,AEZS-Q,AFH-Q,AFHBL-Q,AFIN-Q,AFMD-Q,AFSI-Q,AGEN-Q,AGFS-Q,AGFSW-Q,AGIO-Q,AGLE-Q,AGMH-Q,AGNC-Q,AGNCB-Q,AGNCN-Q,AGND-Q,AGRX-Q,AGTC-Q,AGYS-Q,AGZD-Q,AHPA-Q,AHPAU-Q,AHPAW-Q,AHPI-Q,AIA-Q,AIHS-Q,AIMC-Q,AIMCV-Q,AIMT-Q,AINV-Q,AIPT-Q,AIQ-Q,AIRG-Q,AIRR-Q,AIRT-Q,AKAM-Q,AKAO-Q,AKBA-Q,AKCA-Q,AKER-Q,AKRX-Q,AKTS-Q,AKTX-Q,ALBO-Q,ALCO-Q,ALDR-Q,ALDX-Q,ALGN-Q,ALGR-Q,ALGRR-Q,ALGRU-Q,ALGRW-Q,ALGT-Q,ALIM-Q,ALJJ-Q,ALKS-Q,ALLK-Q,ALLT-Q,ALNA-Q,ALNY-Q,ALOT-Q,ALPN-Q,ALQA-Q,ALRM-Q,ALRN-Q,ALSK-Q,ALT-Q,ALTR-Q,ALTY-Q,ALXN-Q,ALZH-Q,AMAG-Q,AMAL-Q,AMAT-Q,AMBA-Q,AMBC-Q,AMBCW-Q,AMCA-Q,AMCN-Q,AMCX-Q,AMD-Q,AMDA-Q,AMED-Q,AMEH-Q,AMGN-Q,AMKR-Q,AMMA-Q,AMNB-Q,AMOT-Q,AMOV-Q,AMPH-Q,AMR-Q,AMRB-Q,AMRH-Q,AMRHW-Q,AMRK-Q,AMRN-Q,AMRS-Q,AMRWW-Q,AMSC-Q,AMSF-Q,AMSWA-Q,AMTD-Q,AMTX-Q,AMWD-Q,AMZN-Q,ANAB-Q,ANAT-Q,ANCB-Q,ANCX-Q,ANDE-Q,ANGI-Q,ANGO-Q,ANIK-Q,ANIP-Q,ANSS-Q,ANY-Q,AOBC-Q,AOSL-Q,APDN-Q,APDNW-Q,APEI-Q,APEN-Q,APLS-Q,APOG-Q,APOP-Q,APOPW-Q,APPF-Q,APPN-Q,APPS-Q,APRI-Q,APTI-Q,APTO-Q,APTX-Q,APVO-Q,APWC-Q,AQB-Q,AQMS-Q,AQST-Q,AQXP-Q,ARAY-Q,ARCB-Q,ARCC-Q,ARCE-Q,ARCI-Q,ARCT-Q,ARCW-Q,ARDM-Q,ARDS-Q,ARDX-Q,AREX-Q,ARGX-Q,ARII-Q,ARKR-Q,ARLP-Q,ARNA-Q,AROW-Q,ARPO-Q,ARQL-Q,ARRS-Q,ARRY-Q,ARTNA-Q,ARTW-Q,ARTX-Q,ARVN-Q,ARWR-Q,ASCMA-Q,ASET-Q,ASFI-Q,ASLN-Q,ASMB-Q,ASML-Q,ASNA-Q,ASND-Q,ASNS-Q,ASPS-Q,ASPU-Q,ASRT-Q,ASRV-Q,ASRVP-Q,ASTC-Q,ASTE-Q,ASUR-Q,ASV-Q,ASYS-Q,ATAI-Q,ATAX-Q,ATEC-Q,ATHN-Q,ATHX-Q,ATIS-Q,ATISW-Q,ATLC-Q,ATLO-Q,ATNI-Q,ATNX-Q,ATOM-Q,ATOS-Q,ATRA-Q,ATRC-Q,ATRI-Q,ATRO-Q,ATRS-Q,ATSG-Q,ATTU-Q,ATVI-Q,ATXI-Q,AUBN-Q,AUDC-Q,AUPH-Q,AUTL-Q,AUTO-Q,AVAV-Q,AVDL-Q,AVEO-Q,AVGO-Q,AVGR-Q,AVHI-Q,AVID-Q,AVNW-Q,AVRO-Q,AVT-Q,AVXL-Q,AWRE-Q,AWSM-Q,AXAS-Q,AXDX-Q,AXGN-Q,AXON-Q,AXSM-Q,AXTI-Q,AY-Q,AYTU-Q,AZPN-Q,AZRX-Q,BABY-Q,BAND-Q,BANF-Q,BANFP-Q,BANR-Q,BANX-Q,BASI-Q,BATRA-Q,BATRK-Q,BBBY-Q,BBC-Q,BBGI-Q,BBH-Q,BBOX-Q,BBP-Q,BBRX-Q,BBSI-Q,BCAC-Q,BCACR-Q,BCACU-Q,BCACW-Q,BCBP-Q,BCLI-Q,BCML-Q,BCNA-Q,BCOM-Q,BCOR-Q,BCOV-Q,BCPC-Q,BCRX-Q,BCTF-Q,BDGE-Q,BDSI-Q,BEAT-Q,BECN-Q,BELFA-Q,BELFB-Q,BFIN-Q,BFIT-Q,BFRA-Q,BFST-Q,BGCP-Q,BGFV-Q,BGNE-Q,BHAC-Q,BHACR-Q,BHACU-Q,BHACW-Q,BHBK-Q,BHF-Q,BHFAL-Q,BHTG-Q,BIB-Q,BICK-Q,BIDU-Q,BIIB-Q,BILI-Q,BIOC-Q,BIOL-Q,BIOS-Q,BIS-Q,BJRI-Q,BKCC-Q,BKEP-Q,BKEPP-Q,BKNG-Q,BKSC-Q,BKYI-Q,BL-Q,BLBD-Q,BLCM-Q,BLCN-Q,BLDP-Q,BLDR-Q,BLFS-Q,BLIN-Q,BLKB-Q,BLMN-Q,BLMT-Q,BLNK-Q,BLNKW-Q,BLPH-Q,BLRX-Q,BLUE-Q,BMCH-Q,BMLP-Q,BMRA-Q,BMRC-Q,BMRN-Q,BMTC-Q,BNCL-Q,BND-Q,BNDW-Q,BNDX-Q,BNFT-Q,BNGO-Q,BNGOW-Q,BNSO-Q,BNTC-Q,BNTCW-Q,BOCH-Q,BOFI-Q,BOFIL-Q,BOJA-Q,BOKF-Q,BOKFL-Q,BOLD-Q,BOMN-Q,BOOM-Q,BOSC-Q,BOTJ-Q,BOTZ-Q,BOXL-Q,BPFH-Q,BPFHW-Q,BPMC-Q,BPOP-Q,BPOPM-Q,BPOPN-Q,BPR-Q,BPRAP-Q,BPRN-Q,BPTH-Q,BPY-Q,BRAC-Q,BRACR-Q,BRACU-Q,BRACW-Q,BREW-Q,BRID-Q,BRKL-Q,BRKR-Q,BRKS-Q,BRPA-Q,BRPAR-Q,BRPAU-Q,BRPAW-Q,BRQS-Q,BRY-Q,BSET-Q,BSGM-Q,BSQR-Q,BSRR-Q,BSTC-Q,BSVN-Q,BTAI-Q,BTEC-Q,BURG-Q,BUSE-Q,BVNSC-Q,BVSN-Q,BVXV-Q,BVXVW-Q,BWB-Q,BWEN-Q,BWFG-Q,BYFC-Q,BYSI-Q,BZUN-Q,CA-Q,CAAS-Q,CAC-Q,CACC-Q,CACG-Q,CADC-Q,CAKE-Q,CALA-Q,CALL-Q,CALM-Q,CAMP-Q,CAMT-Q,CAPR-Q,CAR-Q,CARA-Q,CARB-Q,CARG-Q,CARO-Q,CART-Q,CARV-Q,CARZ-Q,CASA-Q,CASH-Q,CASI-Q,CASM-Q,CASS-Q,CASY-Q,CATB-Q,CATC-Q,CATH-Q,CATM-Q,CATS-Q,CATY-Q,CATYW-Q,CBAK-Q,CBAN-Q,CBAY-Q,CBFV-Q,CBIO-Q,CBLI-Q,CBLK-Q,CBMB-Q,CBMG-Q,CBNK-Q,CBOE-Q,CBPO-Q,CBRL-Q,CBSH-Q,CBSHP-Q,CBTX-Q,CCB-Q,CCBG-Q,CCCL-Q,CCD-Q,CCIH-Q,CCLP-Q,CCMP-Q,CCNE-Q,CCNI-Q,CCOI-Q,CCRC-Q,CCRN-Q,CCXI-Q,CDC-Q,CDEV-Q,CDK-Q,CDL-Q,CDLX-Q,CDMO-Q,CDMOP-Q,CDNA-Q,CDNS-Q,CDOR-Q,CDTI-Q,CDTX-Q,CDW-Q,CDXC-Q,CDXS-Q,CDZI-Q,CECE-Q,CECO-Q,CELC-Q,CELG-Q,CELGZ-Q,CELH-Q,CEMI-Q,CENT-Q,CENTA-Q,CENX-Q,CERC-Q,CERCW-Q,CERN-Q,CERS-Q,CETV-Q,CETX-Q,CETXP-Q,CETXW-Q,CEVA-Q,CEY-Q,CEZ-Q,CFA-Q,CFBI-Q,CFBK-Q,CFFI-Q,CFFN-Q,CFMS-Q,CFO-Q,CFRX-Q,CG-Q,CGBD-Q,CGEN-Q,CGIX-Q,CGNX-Q,CGO-Q,CGVIC-Q,CHCI-Q,CHCO-Q,CHDN-Q,CHEF-Q,CHEK-Q,CHEKW-Q,CHEKZ-Q,CHFC-Q,CHFS-Q,CHI-Q,CHKE-Q,CHKP-Q,CHMA-Q,CHMG-Q,CHNA-Q,CHNR-Q,CHRS-Q,CHRW-Q,CHSCL-Q,CHSCM-Q,CHSCN-Q,CHSCO-Q,CHSCP-Q,CHTR-Q,CHUY-Q,CHW-Q,CHY-Q,CIBR-Q,CID-Q,CIDM-Q,CIFS-Q,CIGI-Q,CIL-Q,CINF-Q,CIVB-Q,CIVBP-Q,CIVEC-Q,CIZ-Q,CIZN-Q,CJJD-Q,CKPT-Q,CLAR-Q,CLBK-Q,CLBS-Q,CLCT-Q,CLDC-Q,CLDX-Q,CLFD-Q,CLGN-Q,CLIR-Q,CLIRW-Q,CLLS-Q,CLMT-Q,CLNE-Q,CLPS-Q,CLRB-Q,CLRBW-Q,CLRBZ-Q,CLRG-Q,CLRO-Q,CLSD-Q,CLSN-Q,CLUB-Q,CLVS-Q,CLWT-Q,CLXT-Q,CMCO-Q,CMCSA-Q,CMCT-Q,CMCTP-Q,CME-Q,CMFN-Q,CMFNL-Q,CMLS-Q,CMPR-Q,CMRX-Q,CMSS-Q,CMSSR-Q,CMSSU-Q,CMSSW-Q,CMTA-Q,CMTL-Q,CNAC-Q,CNACR-Q,CNACU-Q,CNACW-Q,CNAT-Q,CNBKA-Q,CNCE-Q,CNCR-Q,CNET-Q,CNFR-Q,CNMD-Q,CNOB-Q,CNSL-Q,CNST-Q,CNTF-Q,CNTY-Q,CNXN-Q,COBZ-Q,COCP-Q,CODA-Q,CODX-Q,COHR-Q,COHU-Q,COKE-Q,COLB-Q,COLL-Q,COLM-Q,COMM-Q,COMT-Q,CONE-Q,CONN-Q,CORE-Q,CORI-Q,CORT-Q,CORV-Q,COST-Q,COUP-Q,COWN-Q,COWNL-Q,COWNZ-Q,CPAH-Q,CPHC-Q,CPIX-Q,CPLP-Q,CPRT-Q,CPRX-Q,CPSH-Q,CPSI-Q,CPSS-Q,CPST-Q,CPTA-Q,CPTAG-Q,CPTAL-Q,CRAI-Q,CRAY-Q,CRBP-Q,CREE-Q,CREG-Q,CRESY-Q,CRIS-Q,CRMT-Q,CRNT-Q,CRNX-Q,CRON-Q,CROX-Q,CRSP-Q,CRTO-Q,CRUS-Q,CRUSC-Q,CRVL-Q,CRVS-Q,CRWS-Q,CRZO-Q,CSA-Q,CSB-Q,CSBR-Q,CSCO-Q,CSF-Q,CSFL-Q,CSGP-Q,CSGS-Q,CSII-Q,CSIQ-Q,CSML-Q,CSOD-Q,CSPI-Q,CSQ-Q,CSSE-Q,CSSEP-Q,CSTE-Q,CSTR-Q,CSWC-Q,CSWCL-Q,CSWI-Q,CSX-Q,CTAS-Q,CTBI-Q,CTG-Q,CTHR-Q,CTIB-Q,CTIC-Q,CTMX-Q,CTRE-Q,CTRL-Q,CTRN-Q,CTRP-Q,CTRV-Q,CTSH-Q,CTSO-Q,CTWS-Q,CTXR-Q,CTXRW-Q,CTXS-Q,CUBA-Q,CUE-Q,CUI-Q,CUR-Q,CUTR-Q,CVBF-Q,CVCO-Q,CVCY-Q,CVGI-Q,CVGW-Q,CVLT-Q,CVLY-Q,CVON-Q,CVTI-Q,CVV-Q,CWAY-Q,CWBC-Q,CWBR-Q,CWCO-Q,CWST-Q,CXDC-Q,CXSE-Q,CY-Q,CYAD-Q,CYAN-Q,CYBE-Q,CYBR-Q,CYCC-Q,CYCCP-Q,CYHHZ-Q,CYOU-Q,CYRN-Q,CYRX-Q,CYRXW-Q,CYTK-Q,CYTR-Q,CYTX-Q,CYTXW-Q,CYTXZ-Q,CZFC-Q,CZNC-Q,CZR-Q,CZWI-Q,DAIO-Q,DAKT-Q,DALI-Q,DARE-Q,DAVE-Q,DAX-Q,DBVT-Q,DBX-Q,DCAR-Q,DCIX-Q,DCOM-Q,DCPH-Q,DDBI-Q,DDIV-Q,DDOC-Q,DELT-Q,DENN-Q,DERM-Q,DEST-Q,DFBG-Q,DFBH-Q,DFBHU-Q,DFBHW-Q,DFFN-Q,DFNL-Q,DFRG-Q,DFVL-Q,DFVS-Q,DGICA-Q,DGICB-Q,DGII-Q,DGLD-Q,DGLY-Q,DGRE-Q,DGRS-Q,DGRW-Q,DHIL-Q,DHXM-Q,DINT-Q,DIOD-Q,DISCA-Q,DISCB-Q,DISCK-Q,DISH-Q,DJCO-Q,DLBL-Q,DLBS-Q,DLHC-Q,DLPN-Q,DLPNW-Q,DLTH-Q,DLTR-Q,DMLP-Q,DMPI-Q,DMRC-Q,DNBF-Q,DNJR-Q,DNKN-Q,DNLI-Q,DOCU-Q,DOGZ-Q,DOMO-Q,DOOO-Q,DORM-Q,DOTA-Q,DOTAR-Q,DOTAU-Q,DOTAW-Q,DOVA-Q,DOX-Q,DRAD-Q,DRIO-Q,DRIOW-Q,DRIV-Q,DRNA-Q,DRRX-Q,DRYS-Q,DSGX-Q,DSKE-Q,DSKEW-Q,DSLV-Q,DSPG-Q,DSWL-Q,DTEA-Q,DTRM-Q,DTUL-Q,DTUS-Q,DTYL-Q,DTYS-Q,DUSA-Q,DVAX-Q,DVCR-Q,DVLU-Q,DVOL-Q,DVY-Q,DWAQ-Q,DWAS-Q,DWAT-Q,DWCH-Q,DWCR-Q,DWFI-Q,DWIN-Q,DWLD-Q,DWLV-Q,DWMC-Q,DWPP-Q,DWSH-Q,DWSN-Q,DWTR-Q,DXCM-Q,DXGE-Q,DXJS-Q,DXLG-Q,DXPE-Q,DXYN-Q,DYNT-Q,DYSL-Q,DZSI-Q,EA-Q,EACQ-Q,EACQU-Q,EACQW-Q,EAGL-Q,EAGLU-Q,EAGLW-Q,EARS-Q,EAST-Q,EBAY-Q,EBAYL-Q,EBIX-Q,EBMT-Q,EBSB-Q,EBTC-Q,ECHO-Q,ECOL-Q,ECOR-Q,ECPG-Q,ECYT-Q,EDAP-Q,EDBI-Q,EDGE-Q,EDGW-Q,EDIT-Q,EDNT-Q,EDRY-Q,EDUC-Q,EEFT-Q,EEI-Q,EEMA-Q,EFAS-Q,EFBI-Q,EFII-Q,EFOI-Q,EFSC-Q,EGAN-Q,EGBN-Q,EGC-Q,EGHT-Q,EGLE-Q,EGOV-Q,EGRX-Q,EHR-Q,EHTH-Q,EIDX-Q,EIGI-Q,EIGR-Q,EKSO-Q,ELGX-Q,ELOX-Q,ELSE-Q,ELTK-Q,EMB-Q,EMCB-Q,EMCF-Q,EMCG-Q,EMCI-Q,EMIF-Q,EMITF-Q,EMKR-Q,EML-Q,EMMS-Q,EMXC-Q,ENDP-Q,ENFC-Q,ENG-Q,ENPH-Q,ENSG-Q,ENT-Q,ENTA-Q,ENTG-Q,ENTX-Q,ENTXW-Q,ENZL-Q,EOLS-Q,EPAY-Q,EPIX-Q,EPZM-Q,EQBK-Q,EQIX-Q,EQRR-Q,ERI-Q,ERIC-Q,ERIE-Q,ERII-Q,ERYP-Q,ESBK-Q,ESCA-Q,ESEA-Q,ESES-Q,ESG-Q,ESGD-Q,ESGE-Q,ESGG-Q,ESGR-Q,ESGRP-Q,ESGU-Q,ESIO-Q,ESLT-Q,ESND-Q,ESPR-Q,ESQ-Q,ESRX-Q,ESSA-Q,ESTA-Q,ESTR-Q,ESTRW-Q,ESXB-Q,ETFC-Q,ETSY-Q,ETTX-Q,EUFN-Q,EVBG-Q,EVER-Q,EVFM-Q,EVFTC-Q,EVGBC-Q,EVGN-Q,EVK-Q,EVLMC-Q,EVLO-Q,EVLV-Q,EVOK-Q,EVOL-Q,EVOP-Q,EVSTC-Q,EWBC-Q,EWZS-Q,EXAS-Q,EXEL-Q,EXFO-Q,EXLS-Q,EXPD-Q,EXPE-Q,EXPI-Q,EXPO-Q,EXTR-Q,EYE-Q,EYEG-Q,EYEGW-Q,EYEN-Q,EYES-Q,EYESW-Q,EYPT-Q,EZPW-Q,FAAR-Q,FAB-Q,FAD-Q,FALN-Q,FAMI-Q,FANG-Q,FANH-Q,FARM-Q,FARO-Q,FAST-Q,FAT-Q,FATE-Q,FB-Q,FBIO-Q,FBIOP-Q,FBIZ-Q,FBMS-Q,FBNC-Q,FBNK-Q,FBSS-Q,FBZ-Q,FCA-Q,FCAL-Q,FCAN-Q,FCAP-Q,FCBC-Q,FCBP-Q,FCCO-Q,FCCY-Q,FCEF-Q,FCEL-Q,FCFS-Q,FCNCA-Q,FCSC-Q,FCVT-Q,FDBC-Q,FDEF-Q,FDIV-Q,FDT-Q,FDTS-Q,FDUS-Q,FDUSL-Q,FEIM-Q,FELE-Q,FEM-Q,FEMB-Q,FEMS-Q,FENC-Q,FEP-Q,FEUZ-Q,FEX-Q,FEYE-Q,FFBC-Q,FFBCW-Q,FFBW-Q,FFHL-Q,FFIC-Q,FFIN-Q,FFIV-Q,FFNW-Q,FFWM-Q,FGBI-Q,FGEN-Q,FGM-Q,FHB-Q,FHK-Q,FIBK-Q,FID-Q,FINX-Q,FISI-Q,FISV-Q,FITB-Q,FITBI-Q,FIVE-Q,FIVN-Q,FIXD-Q,FIXX-Q,FIZZ-Q,FJP-Q,FKLY-Q,FKO-Q,FKU-Q,FLAG-Q,FLAT-Q,FLDM-Q,FLEX-Q,FLGT-Q,FLIC-Q,FLIR-Q,FLKS-Q,FLL-Q,FLMN-Q,FLMNW-Q,FLN-Q,FLNT-Q,FLWS-Q,FLXN-Q,FLXS-Q,FMAO-Q,FMAX-Q,FMB-Q,FMBH-Q,FMBI-Q,FMCI-Q,FMCIU-Q,FMCIW-Q,FMHI-Q

FMK-Q,FMNB-Q,FNCB-Q,FNHC-Q,FNJN-Q,FNK-Q,FNKO-Q,FNLC-Q,FNSR-Q,FNWB-Q,FNX-Q,FNY-Q,FOANC-Q,FOCS-Q,FOLD-Q,FOMX-Q,FONE-Q,FONR-Q,FORD-Q,FORK-Q,FORM-Q,FORR-Q,FORTY-Q,FOSL-Q,FOX-Q,FOXA-Q,FOXF-Q,FPA-Q,FPAY-Q,FPAYW-Q,FPRX-Q,FPXI-Q,FRAN-Q,FRBA-Q,FRBK-Q,FRED-Q,FRGI-Q,FRME-Q,FRPH-Q,FRPT-Q,FRSH-Q,FRSX-Q,FRTA-Q,FSAC-Q,FSACU-Q,FSACW-Q,FSBC-Q,FSBW-Q,FSCT-Q,FSFG-Q,FSLR-Q,FSNN-Q,FSTR-Q,FSV-Q,FSZ-Q,FTA-Q,FTAG-Q,FTC-Q,FTCS-Q,FTD-Q,FTDRV-Q,FTEK-Q,FTEO-Q,FTFT-Q,FTGC-Q,FTHI-Q,FTLB-Q,FTNT-Q,FTR-Q,FTRI-Q,FTSL-Q,FTSM-Q,FTSV-Q,FTXD-Q,FTXG-Q,FTXH-Q,FTXL-Q,FTXN-Q,FTXO-Q,FTXR-Q,FULT-Q,FUNC-Q,FUND-Q,FUSB-Q,FUV-Q,FV-Q,FVC-Q,FVCB-Q,FVE-Q,FWONA-Q,FWONK-Q,FWP-Q,FWRD-Q,FYC-Q,FYT-Q,FYX-Q,GABC-Q,GAIA-Q,GAIN-Q,GAINL-Q,GAINM-Q,GALT-Q,GARS-Q,GASS-Q,GBCI-Q,GBDC-Q,GBLI-Q,GBLIL-Q,GBLIZ-Q,GBLK-Q,GBNK-Q,GBT-Q,GCBC-Q,GCVRZ-Q,GDEN-Q,GDS-Q,GEC-Q,GECC-Q,GECCL-Q,GECCM-Q,GEMP-Q,GENC-Q,GENE-Q,GENY-Q,GEOS-Q,GERN-Q,GEVO-Q,GFED-Q,GFN-Q,GFNCP-Q,GFNSL-Q,GGAL-Q,GHDX-Q,GIFI-Q,GIGM-Q,GIII-Q,GILD-Q,GILT-Q,GLAC-Q,GLACR-Q,GLACU-Q,GLACW-Q,GLAD-Q,GLADN-Q,GLBS-Q,GLBZ-Q,GLDD-Q,GLDI-Q,GLG-Q,GLIBA-Q,GLIBP-Q,GLMD-Q,GLNG-Q,GLPG-Q,GLPI-Q,GLRE-Q,GLUU-Q,GLYC-Q,GMLP-Q,GMLPP-Q,GNBC-Q,GNCA-Q,GNMA-Q,GNMK-Q,GNMX-Q,GNPX-Q,GNRX-Q,GNST-Q,GNTX-Q,GNTY-Q,GNUS-Q,GOGL-Q,GOGO-Q,GOLD-Q,GOOD-Q,GOODM-Q,GOODO-Q,GOODP-Q,GOOG-Q,GOOGL-Q,GOV-Q,GOVNI-Q,GPAQ-Q,GPAQU-Q,GPAQW-Q,GPIC-Q,GPOR-Q,GPP-Q,GPRE-Q,GPRO-Q,GRBIC-Q,GRBK-Q,GRFS-Q,GRID-Q,GRIF-Q,GRIN-Q,GRMN-Q,GRNQ-Q,GROW-Q,GRPN-Q,GRSHU-Q,GRTS-Q,GRVY-Q,GSBC-Q,GSHD-Q,GSHT-Q,GSHTU-Q,GSHTW-Q,GSIT-Q,GSKY-Q,GSM-Q,GSUM-Q,GSVC-Q,GT-Q,GTHX-Q,GTIM-Q,GTLS-Q,GTXI-Q,GTYH-Q,GTYHU-Q,GTYHW-Q,GULF-Q,GURE-Q,GVP-Q,GWGH-Q,GWPH-Q,GWRS-Q,GYRO-Q,HA-Q,HABT-Q,HAFC-Q,HAIN-Q,HAIR-Q,HALL-Q,HALO-Q,HAS-Q,HAYN-Q,HBAN-Q,HBANN-Q,HBANO-Q,HBCP-Q,HBIO-Q,HBK-Q,HBMD-Q,HBNC-Q,HBP-Q,HCAP-Q,HCAPZ-Q,HCCH-Q,HCCHR-Q,HCCHU-Q,HCCHW-Q,HCCI-Q,HCKT-Q,HCM-Q,HCSG-Q,HDP-Q,HDS-Q,HDSN-Q,HEAR-Q,HEBT-Q,HEES-Q,HELE-Q,HEWG-Q,HFBC-Q,HFBL-Q,HFFG-Q,HFGIC-Q,HFWA-Q,HGSH-Q,HIBB-Q,HIFS-Q,HIHO-Q,HIIQ-Q,HIMX-Q,HJLI-Q,HJLIW-Q,HLG-Q,HLIT-Q,HLNE-Q,HMHC-Q,HMNF-Q,HMNY-Q,HMST-Q,HMSY-Q,HMTA-Q,HMTV-Q,HNDL-Q,HNNA-Q,HNRG-Q,HOFT-Q,HOLI-Q,HOLX-Q,HOMB-Q,HONE-Q,HOPE-Q,HOVNP-Q,HPJ-Q,HPT-Q,HQCL-Q,HQY-Q,HRTX-Q,HRZN-Q,HSDT-Q,HSGX-Q,HSIC-Q,HSII-Q,HSKA-Q,HSON-Q,HSTM-Q,HTBI-Q,HTBK-Q,HTBX-Q,HTGM-Q,HTHT-Q,HTLD-Q,HTLF-Q,HUBG-Q,HUNT-Q,HUNTU-Q,HUNTW-Q,HURC-Q,HURN-Q,HVBC-Q,HWBK-Q,HWC-Q,HWCC-Q,HWCPL-Q,HWKN-Q,HX-Q,HYAC-Q,HYACU-Q,HYACW-Q,HYGS-Q,HYLS-Q,HYND-Q,HYRE-Q,HYXE-Q,HYZD-Q,HZNP-Q,IAC-Q,IAM-Q,IAMXR-Q,IAMXW-Q,IART-Q,IBB-Q,IBCP-Q,IBEX-Q,IBKC-Q,IBKCO-Q,IBKCP-Q,IBKR-Q,IBOC-Q,IBTX-Q,IBUY-Q,ICAD-Q,ICBK-Q,ICCC-Q,ICCH-Q,ICFI-Q,ICHR-Q,ICLK-Q,ICLN-Q,ICLR-Q,ICON-Q,ICPT-Q,ICUI-Q,IDCC-Q,IDLB-Q,IDRA-Q,IDSA-Q,IDSY-Q,IDTI-Q,IDXG-Q,IDXX-Q,IEA-Q,IEAWW-Q,IEF-Q,IEI-Q,IEP-Q,IESC-Q,IEUS-Q,IFEU-Q,IFGL-Q,IFMK-Q,IFRX-Q,IFV-Q,IGF-Q,IGIB-Q,IGLD-Q,IGLE-Q,IGOV-Q,IGSB-Q,III-Q,IIIN-Q,IIIV-Q,IIJI-Q,IIN-Q,IIVI-Q,IJT-Q,IKNX-Q,ILMN-Q,ILPT-Q,IMDZ-Q,IMGN-Q,IMI-Q,IMKTA-Q,IMMP-Q,IMMR-Q,IMMU-Q,IMMY-Q,IMOS-Q,IMPV-Q,IMRN-Q,IMRNW-Q,IMTE-Q,IMV-Q,IMXI-Q,IMXIW-Q,INAP-Q,INBK-Q,INBKL-Q,INCY-Q,INDB-Q,INDU-Q,INDUU-Q,INDUW-Q,INDY-Q,INFI-Q,INFN-Q,INFO-Q,INFR-Q,INGN-Q,INNT-Q,INO-Q,INOD-Q,INOV-Q,INPX-Q,INSE-Q,INSG-Q,INSM-Q,INSY-Q,INTC-Q,INTG-Q,INTL-Q,INTU-Q,INTX-Q,INVA-Q,INVE-Q,INWK-Q,IONS-Q,IOSP-Q,IOTS-Q,IOVA-Q,IPAR-Q,IPAS-Q,IPCI-Q,IPDN-Q,IPGP-Q,IPHS-Q,IPIC-Q,IPKW-Q,IPWR-Q,IQ-Q,IRBT-Q,IRCP-Q,IRDM-Q,IRDMB-Q,IRIX-Q,IRMD-Q,IROQ-Q,IRTC-Q,IRWD-Q,ISBC-Q,ISCA-Q,ISDS-Q,ISDX-Q,ISEM-Q,ISHG-Q,ISIG-Q,ISNS-Q,ISRG-Q,ISRL-Q,ISSC-Q,ISTB-Q,ISTR-Q,ITCI-Q,ITEQ-Q,ITI-Q,ITIC-Q,ITRI-Q,ITRM-Q,ITRN-Q,ITUS-Q,IUS-Q,IUSB-Q,IUSG-Q,IUSS-Q,IUSV-Q,IVAC-Q,IVENC-Q,IVFGC-Q,IVFVC-Q,IVTY-Q,IXUS-Q,IZEA-Q,JACK-Q,JAGX-Q,JAKK-Q,JASN-Q,JASNW-Q,JAZZ-Q,JBHT-Q,JBLU-Q,JBSS-Q,JCOM-Q,JCS-Q,JCTCF-Q,JD-Q,JG-Q,JJSF-Q,JKHY-Q,JKI-Q,JMU-Q,JNCE-Q,JOBS-Q,JOUT-Q,JRJC-Q,JRSH-Q,JRVR-Q,JSM-Q,JSMD-Q,JSML-Q,JSYN-Q,JSYNR-Q,JSYNU-Q,JSYNW-Q,JTPY-Q,JVA-Q,JYNT-Q,KAAC-Q,KAACU-Q,KAACW-Q,KALA-Q,KALU-Q,KALV-Q,KANG-Q,KBAL-Q,KBLM-Q,KBLMR-Q,KBLMU-Q,KBLMW-Q,KBSF-Q,KBWB-Q,KBWD-Q,KBWP-Q,KBWR-Q,KBWY-Q,KCAP-Q,KCAPL-Q,KE-Q,KELYA-Q,KELYB-Q,KEQU-Q,KERX-Q,KEYW-Q,KFFB-Q,KFRC-Q,KGJI-Q,KHC-Q,KIDS-Q,KIN-Q,KINS-Q,KIRK-Q,KLAC-Q,KLIC-Q,KLXE-Q,KLXI-Q,KMDA-Q,KMPH-Q,KNDI-Q,KNSA-Q,KNSL-Q,KONA-Q,KOOL-Q,KOPN-Q,KOSS-Q,KPTI-Q,KRMA-Q,KRNT-Q,KRNY-Q,KRYS-Q,KTCC-Q,KTOS-Q,KTOV-Q,KTOVW-Q,KTWO-Q,KURA-Q,KVHI-Q,KWEB-Q,KZIA-Q,KZR-Q,LABL-Q,LACQ-Q,LACQU-Q,LACQW-Q,LAKE-Q,LALT-Q,LAMR-Q,LANC-Q,LAND-Q,LANDP-Q,LARK-Q,LASR-Q,LAUR-Q,LAWS-Q,LAZY-Q,LBAI-Q,LBC-Q,LBRDA-Q,LBRDK-Q,LBTYA-Q,LBTYB-Q,LBTYK-Q,LCA-Q,LCAHU-Q,LCAHW-Q,LCNB-Q,LCUT-Q,LDRI-Q,LE-Q,LECO-Q,LEDS-Q,LEGR-Q,LENS-Q,LEVL-Q,LEXEA-Q,LEXEB-Q,LFAC-Q,LFACU-Q,LFACW-Q,LFUS-Q,LFVN-Q,LGCY-Q,LGIH-Q,LGND-Q,LHCG-Q,LIFE-Q,LILA-Q,LILAK-Q,LINC-Q,LIND-Q,LINDW-Q,LINK-Q,LION-Q,LITE-Q,LIVE-Q,LIVN-Q,LIVX-Q,LJPC-Q,LKFN-Q,LKOR-Q,LKQ-Q,LLEX-Q,LLIT-Q,LLNW-Q,LMAT-Q,LMB-Q,LMBS-Q,LMFA-Q,LMFAW-Q,LMNR-Q,LMNX-Q,LMRK-Q,LMRKN-Q,LMRKO-Q,LMRKP-Q,LMST-Q,LNDC-Q,LNGR-Q,LNTH-Q,LOACU-Q,LOAN-Q,LOB-Q,LOCO-Q,LOGI-Q,LOGM-Q,LONE-Q,LOOP-Q,LOPE-Q,LORL-Q,LOVE-Q,LOXO-Q,LPCN-Q,LPLA-Q,LPNT-Q,LPSN-Q,LPTH-Q,LPTX-Q,LQDA-Q,LQDT-Q,LRAD-Q,LRCX-Q,LRGE-Q,LSBK-Q,LSCC-Q,LSTR-Q,LSXMA-Q,LSXMB-Q,LSXMK-Q,LTBR-Q,LTRPA-Q,LTRPB-Q,LTRX-Q,LTXB-Q,LULU-Q,LUNA-Q,LUNG-Q,LVHD-Q,LWAY-Q,LX-Q,LXRX-Q,LYL-Q,LYTS-Q,MACK-Q,MAGS-Q,MAMS-Q,MANH-Q,MANT-Q,MAPI-Q,MAR-Q,MARA-Q,MARK-Q,MARPS-Q,MASI-Q,MAT-Q,MATW-Q,MAYS-Q,MB-Q,MBB-Q,MBCN-Q,MBFI-Q,MBFIO-Q,MBII-Q,MBIN-Q,MBIO-Q,MBNAA-Q,MBNAB-Q,MBOT-Q,MBRX-Q,MBSD-Q,MBTF-Q,MBUU-Q,MBWM-Q,MCBC-Q,MCEF-Q,MCEP-Q,MCFT-Q,MCHI-Q,MCHP-Q,MCHX-Q,MCRB-Q,MCRI-Q,MDB-Q,MDCA-Q,MDCO-Q,MDGL-Q,MDGS-Q,MDGSW-Q,MDIV-Q,MDLZ-Q,MDRX-Q,MDSO-Q,MDWD-Q,MDXG-Q,MEDP-Q,MEET-Q,MEIP-Q,MELI-Q,MELR-Q,MEOH-Q,MERC-Q,MESA-Q,MESO-Q,METC-Q,MFIN-Q,MFINL-Q,MFNC-Q,MFSF-Q,MGEE-Q,MGEN-Q,MGI-Q,MGIC-Q,MGLN-Q,MGNX-Q,MGPI-Q,MGRC-Q,MGTA-Q,MGTX-Q,MGYR-Q,MHLD-Q,MICT-Q,MIDD-Q,MIK-Q,MILN-Q,MIME-Q,MIND-Q,MINDP-Q,MINI-Q,MITK-Q,MITL-Q,MKGI-Q,MKSI-Q,MKTX-Q,MLAB-Q,MLCO-Q,MLHR-Q,MLNT-Q,MLNX-Q,MLVF-Q,MMAC-Q,MMDM-Q,MMDMR-Q,MMDMU-Q,MMDMW-Q,MMLP-Q,MMSI-Q,MMYT-Q,MNDO-Q,MNGA-Q,MNKD-Q,MNLO-Q,MNOV-Q,MNRO-Q,MNST-Q,MNTA-Q,MNTX-Q,MOBL-Q,MOFG-Q,MOGLC-Q,MOGO-Q,MOMO-Q,MOR-Q,MORN-Q,MOSY-Q,MOTA-Q,MOTS-Q,MOXC-Q,MPAA-Q,MPAC-Q,MPACU-Q,MPACW-Q,MPB-Q,MPCT-Q,MPVD-Q,MPWR-Q,MRAM-Q,MRBK-Q,MRCC-Q,MRCCL-Q,MRCY-Q,MREO-Q,MRIC-Q,MRIN-Q,MRLN-Q,MRNS-Q,MRSN-Q,MRTN-Q,MRTX-Q,MRUS-Q,MRVL-Q,MSBF-Q,MSBI-Q,MSEX-Q,MSFT-Q,MSG-Q,MSON-Q,MSTR-Q,MSVB-Q,MTBC-Q,MTBCP-Q,MTCH-Q,MTEC-Q,MTECU-Q,MTECW-Q,MTEM-Q,MTEX-Q,MTFB-Q,MTFBW-Q,MTLS-Q,MTP-Q,MTRX-Q,MTSC-Q,MTSI-Q,MTSL-Q,MU-Q,MUDS-Q,MUDSU-Q,MUDSW-Q,MVBF-Q,MVIS-Q,MXIM-Q,MXWL-Q,MYFW-Q,MYGN-Q,MYL-Q,MYND-Q,MYNDW-Q,MYOK-Q,MYOS-Q,MYRG-Q,MYSZ-Q,MZOR-Q,NAII-Q,NAKD-Q,NANO-Q,NAOV-Q,NATH-Q,NATI-Q,NATR-Q,NAUH-Q,NAVG-Q,NAVI-Q,NBCP-Q,NBEV-Q,NBIX-Q,NBN-Q,NBRV-Q,NBTB-Q,NCBS-Q,NCLH-Q,NCMI-Q,NCNA-Q,NCOM-Q,NCSM-Q,NCTY-Q,NDAQ-Q,NDLS-Q,NDRA-Q,NDRAW-Q,NDSN-Q,NEBU-Q,NEBUU-Q,NEBUW-Q,NEO-Q,NEOG-Q,NEON-Q,NEOS-Q,NEPT-Q,NERV-Q,NESR-Q,NESRW-Q,NETE-Q,NEWA-Q,NEWT-Q,NEWTI-Q,NEWTZ-Q,NEXT-Q,NFBK-Q,NFEC-Q,NFLX-Q,NFTY-Q,NGHC-Q,NGHCN-Q,NGHCO-Q,NGHCP-Q,NGHCZ-Q,NH-Q,NHLD-Q,NHLDW-Q,NHTC-Q,NICE-Q,NICK-Q,NIHD-Q,NITE-Q,NK-Q,NKSH-Q,NKTR-Q,NLNK-Q,NMCI-Q,NMIH-Q,NMRD-Q,NMRK-Q,NNBR-Q,NNDM-Q,NODK-Q,NOVN-Q,NOVT-Q,NRC-Q,NRIM-Q,NSEC-Q,NSIT-Q,NSSC-Q,NSTG-Q,NSYS-Q,NTAP-Q,NTCT-Q,NTEC-Q,NTES-Q,NTGN-Q,NTGR-Q,NTIC-Q,NTLA-Q,NTNX-Q,NTRA-Q,NTRI-Q,NTRP-Q,NTRS-Q,NTRSP-Q,NTWK-Q,NUAN-Q,NURO-Q,NUROW-Q,NUVA-Q,NVAX-Q,NVCN-Q,NVCR-Q,NVDA-Q,NVEC-Q,NVEE-Q,NVFY-Q,NVIV-Q,NVLN-Q,NVMI-Q,NVMM-Q,NVTR-Q,NVUS-Q,NWBI-Q,NWFL-Q,NWLI-Q,NWPX-Q,NWS-Q,NWSA-Q,NXEO-Q,NXEOU-Q,NXEOW-Q,NXGN-Q,NXMD-Q,NXPI-Q,NXST-Q,NXTD-Q,NXTDW-Q,NXTM-Q,NYMT-Q,NYMTN-Q,NYMTO-Q,NYMTP-Q,NYMX-Q,NYNY-Q,OASM-Q,OBAS-Q,OBCI-Q,OBLN-Q,OBNK-Q,OBSV-Q,OCC-Q,OCFC-Q,OCLR-Q,OCSI-Q,OCSL-Q,OCSLL-Q,OCUL-Q,ODFL-Q,ODP-Q,ODT-Q,OESX-Q,OFED-Q,OFIX-Q,OFLX-Q,OFS-Q,OFSSL-Q,OHAI-Q,OHGI-Q,OHRP-Q,OIIM-Q,OKDCC-Q,OKTA-Q,OLBK-Q,OLD-Q,OLED-Q,OLLI-Q,OMAB-Q,OMCL-Q,OMED-Q,OMER-Q,OMEX-Q,ON-Q,ONB-Q,ONCE-Q,ONCS-Q,ONCY-Q,ONEQ-Q,ONS-Q,ONSIW-Q,ONTX-Q,ONTXW-Q,ONVO-Q,OPB-Q,OPBK-Q,OPES-Q,OPESU-Q,OPESW-Q,OPGN-Q,OPGNW-Q,OPHC-Q,OPHT-Q,OPK-Q,OPNT-Q,OPOF-Q,OPRA-Q,OPRX-Q,OPTN-Q,OPTT-Q,ORBC-Q,ORBK-Q,ORG-Q,ORGS-Q,ORIG-Q,ORIT-Q,ORLY-Q,ORMP-Q,ORPN-Q,ORRF-Q,OSBC-Q,OSBCP-Q,OSIR-Q,OSIS-Q,OSN-Q,OSPN-Q,OSS-Q,OSTK-Q,OSUR-Q,OTEL-Q,OTEX-Q,OTG-Q,OTIC-Q,OTIV-Q,OTTR-Q,OTTW-Q,OVAS-Q,OVBC-Q,OVID-Q,OVLY-Q,OXBR-Q,OXBRW-Q,OXFD-Q,OXLC-Q,OXLCM-Q,OXLCO-Q,OXSQ-Q,OXSQL-Q,OZK-Q,PAAS-Q,PACB-Q,PACQ-Q,PACQU-Q,PACQW-Q,PACW-Q,PAGG-Q,PAHC-Q,PANL-Q,PATI-Q,PATK-Q,PAVM-Q,PAVMW-Q,PAVMZ-Q,PAYX-Q,PBBI-Q,PBCT-Q,PBCTP-Q,PBHC-Q,PBIO-Q,PBIP-Q,PBPB-Q,PBSK-Q,PBYI-Q,PCAR-Q,PCB-Q,PCH-Q,PCMI-Q,PCOM-Q,PCRX-Q,PCSB-Q,PCTI-Q,PCTY-Q,PCYG-Q,PCYO-Q,PDBC-Q,PDCE-Q,PDCO-Q,PDD-Q,PDEX-Q,PDFS-Q,PDLB-Q,PDLI-Q,PDP-Q,PDVW-Q,PEBK-Q,PEBO-Q,PEGA-Q,PEGI-Q,PEIX-Q,PENN-Q,PEP-Q,PERI-Q,PERY-Q,PESI-Q,PETQ-Q,PETS-Q,PETX-Q,PETZ-Q,PETZC-Q,PEY-Q,PEZ-Q,PFBC-Q,PFBI-Q,PFF-Q,PFG-Q,PFI-Q,PFIE-Q,PFIN-Q,PFIS-Q,PFLT-Q,PFM-Q,PFMT-Q,PFPT-Q,PFSW-Q,PGC-Q,

PGJ-Q,PGLC-Q,PGNX-Q,PGTI-Q,PHII-Q,PHIIK-Q,PHO-Q,PI-Q,PICO-Q,PID-Q,PIE-Q,PIH-Q,PIHPP-Q,PINC-Q,PIO-Q,PIRS-Q,PIXY-Q,PIZ-Q,PKBK-Q,PKOH-Q,PKW-Q,PLAB-Q,PLAY-Q,PLBC-Q,PLCE-Q,PLLL-Q,PLPC-Q,PLSE-Q,PLUG-Q,PLUS-Q,PLW-Q,PLXP-Q,PLXS-Q,PLYA-Q,PMBC-Q,PMD-Q,PME-Q,PMOM-Q,PMPT-Q,PMTS-Q,PNBK-Q,PNFP-Q,PNK-Q,PNNT-Q,PNQI-Q,PNRG-Q,PNRL-Q,PNTR-Q,PODD-Q,POLA-Q,POLY-Q,POOL-Q,POPE-Q,POWI-Q,POWL-Q,PPBI-Q,PPC-Q,PPH-Q,PPIH-Q,PPSI-Q,PRAA-Q,PRAH-Q,PRAN-Q,PRCP-Q,PRFT-Q,PRFZ-Q,PRGS-Q,PRGX-Q,PRIM-Q,PRMW-Q,PRN-Q,PRNB-Q,PROV-Q,PRPH-Q,PRPL-Q,PRPLW-Q,PRPO-Q,PRQR-Q,PRSC-Q,PRSS-Q,PRTA-Q,PRTH-Q,PRTHU-Q,PRTHW-Q,PRTK-Q,PRTO-Q,PRTS-Q,PRVB-Q,PS-Q,PSAU-Q,PSC-Q,PSCC-Q,PSCD-Q,PSCE-Q,PSCF-Q,PSCH-Q,PSCI-Q,PSCM-Q,PSCT-Q,PSCU-Q,PSDO-Q,PSEC-Q,PSET-Q,PSL-Q,PSMT-Q,PSTI-Q,PTC-Q,PTCT-Q,PTE-Q,PTEN-Q,PTF-Q,PTGX-Q,PTH-Q,PTI-Q,PTIE-Q,PTLA-Q,PTNR-Q,PTSI-Q,PTVCA-Q,PTVCB-Q,PTX-Q,PUB-Q,PUI-Q,PULM-Q,PVAC-Q,PVAL-Q,PVBC-Q,PWOD-Q,PXI-Q,PXLW-Q,PXS-Q,PXUS-Q,PY-Q,PYDS-Q,PYPL-Q,PYZ-Q,PZZA-Q,QABA-Q,QADA-Q,QADB-Q,QAT-Q,QBAK-Q,QCLN-Q,QCOM-Q,QCRH-Q,QDEL-Q,QGEN-Q,QIWI-Q,QLC-Q,QLYS-Q,QNST-Q,QQEW-Q,QQQ-Q,QQQC-Q,QQQX-Q,QQXT-Q,QRHC-Q,QRTEA-Q,QRTEB-Q,QRVO-Q,QTEC-Q,QTNA-Q,QTNT-Q,QTRH-Q,QTRX-Q,QTT-Q,QUIK-Q,QUMU-Q,QURE-Q,QYLD-Q,RADA-Q,RAIL-Q,RAND-Q,RARE-Q,RARX-Q,RAVE-Q,RAVN-Q,RBB-Q,RBBN-Q,RBCAA-Q,RBCN-Q,RBIO-Q,RBNC-Q,RCII-Q,RCKT-Q,RCKY-Q,RCM-Q,RCMT-Q,RCON-Q,RDCM-Q,RDFN-Q,RDHL-Q,RDI-Q,RDIB-Q,RDNT-Q,RDUS-Q,RDVT-Q,RDVY-Q,RDWR-Q,RECN-Q,REDU-Q,REFR-Q,REGI-Q,REGN-Q,REIS-Q,RELL-Q,RELV-Q,REPH-Q,REPL-Q,RESN-Q,RETA-Q,RETO-Q,RFAP-Q,RFDI-Q,RFEM-Q,RFEU-Q,RFIL-Q,RGCO-Q,RGEN-Q,RGLD-Q,RGLS-Q,RGNX-Q,RGSE-Q,RIBT-Q,RIBTW-Q,RICK-Q,RIGL-Q,RILY-Q,RILYG-Q,RILYH-Q,RILYI-Q,RILYL-Q,RILYZ-Q,RING-Q,RIOT-Q,RIVE-Q,RKDA-Q,RLJE-Q,RLM-Q,RMBL-Q,RMBS-Q,RMCF-Q,RMGN-Q,RMNI-Q,RMR-Q,RMTI-Q,RNDB-Q,RNDM-Q,RNDV-Q,RNEM-Q,RNET-Q,RNLC-Q,RNMC-Q,RNSC-Q,RNST-Q,RNWK-Q,ROAD-Q,ROBO-Q,ROBT-Q,ROCK-Q,ROIC-Q,ROKU-Q,ROLL-Q,ROSE-Q,ROSEU-Q,ROSEW-Q,ROST-Q,RP-Q,RPD-Q,RPIBC-Q,RRD-Q,RRGB-Q,RRI-Q,RRR-Q,RSLS-Q,RSYS-Q,RTIX-Q,RTRX-Q,RTTR-Q,RUBY-Q,RUN-Q,RUSHA-Q,RUSHB-Q,RUTH-Q,RVEN-Q,RVLT-Q,RVNC-Q,RVSB-Q,RWLK-Q,RXII-Q,RXIIW-Q,RYAAY-Q,RYTM-Q,SABR-Q,SAEX-Q,SAFM-Q,SAFT-Q,SAGE-Q,SAIA-Q,SAL-Q,SALM-Q,SAMG-Q,SANM-Q,SANW-Q,SASR-Q,SATS-Q,SAUC-Q,SAVE-Q,SBAC-Q,SBBP-Q,SBBX-Q,SBCF-Q,SBFG-Q,SBFGP-Q,SBGI-Q,SBLK-Q,SBLKZ-Q,SBNY-Q,SBNYW-Q,SBOT-Q,SBPH-Q,SBRA-Q,SBSI-Q,SBT-Q,SBUX-Q,SCAC-Q,SCACU-Q,SCACW-Q,SCCI-Q,SCHL-Q,SCHN-Q,SCKT-Q,SCON-Q,SCOR-Q,SCPH-Q,SCSC-Q,SCVL-Q,SCWX-Q,SCYX-Q,SCZ-Q,SDVY-Q,SEAC-Q,SECO-Q,SEDG-Q,SEED-Q,SEIC-Q,SEII-Q,SELB-Q,SELF-Q,SENEA-Q,SENEB-Q,SES-Q,SESN-Q,SFBC-Q,SFBS-Q,SFET-Q,SFIX-Q,SFLY-Q,SFM-Q,SFNC-Q,SFST-Q,SGA-Q,SGBX-Q,SGC-Q,SGEN-Q,SGH-Q,SGLB-Q,SGLBW-Q,SGMA-Q,SGMO-Q,SGMS-Q,SGOC-Q,SGRP-Q,SGRY-Q,SGYP-Q,SHBI-Q,SHEN-Q,SHIP-Q,SHIPW-Q,SHLD-Q,SHLDW-Q,SHLO-Q,SHOO-Q,SHOS-Q,SHPG-Q,SHSP-Q,SHV-Q,SHY-Q,SIC-Q,SIEB-Q,SIEN-Q,SIFI-Q,SIFY-Q,SIGA-Q,SIGI-Q,SILC-Q,SIMO-Q,SINA-Q,SINO-Q,SIR-Q,SIRI-Q,SITO-Q,SIVB-Q,SKIS-Q,SKOR-Q,SKYS-Q,SKYW-Q,SKYY-Q,SLAB-Q,SLCT-Q,SLDB-Q,SLGL-Q,SLGN-Q,SLIM-Q,SLM-Q,SLMBP-Q,SLNO-Q,SLNOW-Q,SLP-Q,SLQD-Q,SLRC-Q,SLS-Q,SLVO-Q,SMBC-Q,SMBK-Q,SMCP-Q,SMED-Q,SMIT-Q,SMMF-Q,SMMT-Q,SMPL-Q,SMPLW-Q,SMRT-Q,SMSI-Q,SMTC-Q,SMTX-Q,SNBR-Q,SND-Q,SNDE-Q,SNDX-Q,SNES-Q,SNFCA-Q,SNGX-Q,SNGXW-Q,SNH-Q,SNHNI-Q,SNHNL-Q,SNHY-Q,SNLN-Q,SNMX-Q,SNNA-Q,SNOA-Q,SNOAW-Q,SNPS-Q,SNSR-Q,SNSS-Q,SOCL-Q,SODA-Q,SOFO-Q,SOHO-Q,SOHOB-Q,SOHOK-Q,SOHOO-Q,SOHU-Q,SOLO-Q,SOLOW-Q,SONA-Q,SONC-Q,SONO-Q,SORL-Q,SOXX-Q,SP-Q,SPAR-Q,SPCB-Q,SPEX-Q,SPHS-Q,SPI-Q,SPKE-Q,SPKEP-Q,SPLK-Q,SPNE-Q,SPNS-Q,SPOK-Q,SPPI-Q,SPRO-Q,SPRT-Q,SPSC-Q,SPTN-Q,SPWH-Q,SPWR-Q,SQBG-Q,SQLV-Q,SQQQ-Q,SRAX-Q,SRCE-Q,SRCL-Q,SRDX-Q,SRET-Q,SREV-Q,SRNE-Q,SRPT-Q,SRRA-Q,SRRK-Q,SRTS-Q,SRTSW-Q,SRVA-Q,SSB-Q,SSBI-Q,SSC-Q,SSFN-Q,SSKN-Q,SSLJ-Q,SSNC-Q,SSNT-Q,SSP-Q,SSRM-Q,SSTI-Q,SSYS-Q,STAA-Q,STAF-Q,STAY-Q,STBA-Q,STBZ-Q,STCN-Q,STFC-Q,STIM-Q,STKL-Q,STKS-Q,STLD-Q,STLR-Q,STLRU-Q,STLRW-Q,STML-Q,STMP-Q,STND-Q,STNL-Q,STNLU-Q,STNLW-Q,STPP-Q,STRA-Q,STRL-Q,STRM-Q,STRO-Q,STRS-Q,STRT-Q,STX-Q,STXB-Q,SUMR-Q,SUNS-Q,SUNW-Q,SUPN-Q,SURF-Q,SUSB-Q,SUSC-Q,SVA-Q,SVBI-Q,SVMK-Q,SVRA-Q,SVVC-Q,SWIN-Q,SWIR-Q,SWKS-Q,SYBT-Q,SYBX-Q,SYKE-Q,SYMC-Q,SYNA-Q,SYNC-Q,SYNH-Q,SYNL-Q,SYNT-Q,SYPR-Q,SYRS-Q,TA-Q,TACO-Q,TACOW-Q,TACT-Q,TAIT-Q,TANH-Q,TANNI-Q,TANNL-Q,TANNZ-Q,TAOP-Q,TAPR-Q,TAST-Q,TATT-Q,TAYD-Q,TBBK-Q,TBIO-Q,TBK-Q,TBNK-Q,TBPH-Q,TBRG-Q,TBRGU-Q,TBRGW-Q,TCBI-Q,TCBIL-Q,TCBIP-Q,TCBIW-Q,TCBK-Q,TCCO-Q,TCDA-Q,TCFC-Q,TCGP-Q,TCMD-Q,TCON-Q,TCPC-Q,TCRD-Q,TCX-Q,TDAC-Q,TDACU-Q,TDACW-Q,TDIV-Q,TEAM-Q,TECD-Q,TECH-Q,TEDU-Q,TELL-Q,TENB-Q,TENX-Q,TERP-Q,TESS-Q,TFIG-Q,TFSL-Q,TGA-Q,TGEN-Q,TGLS-Q,TGTX-Q,THFF-Q,THRM-Q,THST-Q,TIBR-Q,TIBRU-Q,TIBRW-Q,TILE-Q,TIPT-Q,TISA-Q,TITN-Q,TIVO-Q,TKKS-Q,TKKSR-Q,TKKSU-Q,TKKSW-Q,TLC-Q,TLF-Q,TLGT-Q,TLND-Q,TLRY-Q,TLT-Q,TMCX-Q,TMCXU-Q,TMCXW-Q,TMDI-Q,TMSR-Q,TMUS-Q,TNAV-Q,TNDM-Q,TNXP-Q,TOCA-Q,TOPS-Q,TORC-Q,TOTA-Q,TOTAR-Q,TOTAU-Q,TOTAW-Q,TOUR-Q,TOWN-Q,TPIC-Q,TPIV-Q,TPNL-Q,TQQQ-Q,TRCB-Q,TRCH-Q,TREE-Q,TRHC-Q,TRIB-Q,TRIL-Q,TRIP-Q,TRMB-Q,TRMD-Q,TRMK-Q,TRMT-Q,TRNC-Q,TRNS-Q,TROV-Q,TROW-Q,TRPX-Q,TRS-Q,TRST-Q,TRTL-Q,TRUE-Q,TRUP-Q,TRVG-Q,TRVN-Q,TSBK-Q,TSC-Q,TSCAP-Q,TSCO-Q,TSEM-Q,TSG-Q,TSLA-Q,TSRI-Q,TSRO-Q,TST-Q,TTD-Q,TTEC-Q,TTEK-Q,TTGT-Q,TTMI-Q,TTNP-Q,TTOO-Q,TTPH-Q,TTS-Q,TTWO-Q,TUES-Q,TUR-Q,TURN-Q,TUSA-Q,TUSK-Q,TVIX-Q,TVTY-Q,TWIN-Q,TWLV-Q,TWLVR-Q,TWLVU-Q,TWLVW-Q,TWMC-Q,TWNK-Q,TWNKW-Q,TWOU-Q,TXMD-Q,TXN-Q,TXRH-Q,TYHT-Q,TYME-Q,TYPE-Q,TZACU-Q,TZOO-Q,UAE-Q,UAL-Q,UBCP-Q,UBFO-Q,UBIO-Q,UBNK-Q,UBNT-Q,UBOH-Q,UBSH-Q,UBSI-Q,UBX-Q,UCBI-Q,UCFC-Q,UCTT-Q,UDBI-Q,UEIC-Q,UEPS-Q,UFCS-Q,UFPI-Q,UFPT-Q,UG-Q,UGLD-Q,UHAL-Q,UIHC-Q,ULBI-Q,ULH-Q,ULTA-Q,ULTI-Q,UMBF-Q,UMPQ-Q,UMRX-Q,UNAM-Q,UNB-Q,UNFI-Q,UNIT-Q,UNTY-Q,UONE-Q,UONEK-Q,UPL-Q,UPLD-Q,URBN-Q,URGN-Q,UROV-Q,USAK-Q,USAP-Q,USAT-Q,USATP-Q,USAU-Q,USCR-Q,USEG-Q,USIG-Q,USLB-Q,USLM-Q,USLV-Q,USMC-Q,USOI-Q,UTHR-Q,UTMD-Q,UTSI-Q,UVSP-Q,UXIN-Q,VALU-Q,VALX-Q,VBFC-Q,VBIV-Q,VBLT-Q,VBND-Q,VBTX-Q,VC-Q,VCEL-Q,VCIT-Q,VCLT-Q,VCNX-Q,VCSH-Q,VCTR-Q,VCYT-Q,VEAC-Q,VEACU-Q,VEACW-Q,VECO-Q,VEON-Q,VERI-Q,VERU-Q,VETS-Q,VGIT-Q,VGLT-Q,VGSH-Q,VIA-Q,VIAB-Q,VIAV-Q,VICL-Q,VICR-Q,VIDI-Q,VIGI-Q,VIIX-Q,VIOT-Q,VIRC-Q,VIRT-Q,VIST-Q,VIVE-Q,VIVO-Q,VKTX-Q,VKTXW-Q,VLGEA-Q,VLRX-Q,VMBS-Q,VMET-Q,VNDA-Q,VNET-Q,VNOM-Q,VNQI-Q,VOD-Q,VONE-Q,VONG-Q,VONV-Q,VOXX-Q,VRA-Q,VRAY-Q,VRCA-Q,VREX-Q,VRIG-Q,VRML-Q,VRNA-Q,VRNS-Q,VRNT-Q,VRSK-Q,VRSN-Q,VRTS-Q,VRTSP-Q,VRTU-Q,VRTX-Q,VSAR-Q,VSAT-Q,VSDA-Q,VSEC-Q,VSMV-Q,VSTM-Q,VTC-Q,VTGN-Q,VTHR-Q,VTIP-Q,VTIQ-Q,VTIQU-Q,VTIQW-Q,VTL-Q,VTNR-Q,VTSI-Q,VTVT-Q,VTWG-Q,VTWO-Q,VTWV-Q,VUSE-Q,VUZI-Q,VVPR-Q,VVUS-Q,VWOB-Q,VXRT-Q,VXUS-Q,VYGR-Q,VYMI-Q,WABC-Q,WAFD-Q,WAFDW-Q,WASH-Q,WATT-Q,WB-Q,WBA-Q,WCFB-Q,WDAY-Q,WDC-Q,WDFC-Q,WEB-Q,WEBK-Q,WEN-Q,WERN-Q,WETF-Q,WEYS-Q,WHF-Q,WHLM-Q,WHLR-Q,WHLRD-Q,WHLRP-Q,WHLRW-Q,WIFI-Q,WILC-Q,WIN-Q,WINA-Q,WING-Q,WINS-Q,WIRE-Q,WISA-Q,WIX-Q,WKHS-Q,WLDN-Q,WLFC-Q,WLTW-Q,WMGI-Q,WMGIZ-Q,WMIH-Q,WNEB-Q,WNFM-Q,WOOD-Q,WPRT-Q,WRLD-Q,WRLS-Q,WRLSR-Q,WRLSU-Q,WRLSW-Q,WSBC-Q,WSBF-Q,WSC-Q,WSCI-Q,WSFS-Q,WSTG-Q,WSTL-Q,WTBA-Q,WTFC-Q,WTFCM-Q,WTFCW-Q,WVE-Q,WVFC-Q,WVVI-Q,WVVIP-Q,WWD-Q,WWR-Q,WYNN-Q,XBIO-Q,XBIT-Q,XCRA-Q,XEL-Q,XELA-Q,XELB-Q,XENE-Q,XENT-Q,XERS-Q,XGTI-Q,XLNX-Q,XLRN-Q,XNCR-Q,XNET-Q,XOG-Q,XOMA-Q,XON-Q,XONE-Q,XPER-Q,XRAY-Q,XSPA-Q,XT-Q,XTLB-Q,YECO-Q,YGYI-Q,YI-Q,YIN-Q,YLCO-Q,YLDE-Q,YMAB-Q,YNDX-Q,YOGA-Q,YORW-Q,YRCW-Q,YRIV-Q,YTEN-Q,YTRA-Q,YVR-Q,YY-Q,Z-Q,ZAGG-Q,ZBIO-Q,ZBRA-Q,ZEAL-Q,ZEUS-Q,ZFGN-Q,ZG-Q,ZGNX-Q,ZION-Q,ZIONW-Q,ZIONZ-Q,ZIOP-Q,ZIV-Q,ZIXI-Q,ZKIN-Q,ZLAB-Q,ZN-Q,ZNGA-Q,ZNWAA-Q,ZS-Q,ZSAN-Q,ZTEST-Q,ZUMZ-Q,ZYNE-Q,


A-N,AA-N,AAC-N,AAN-N,AAP-N,AAT-N,AB-N,ABB-N,ABBV-N,ABC-N,ABEV-N,ABG-N,ABM-N,ABR-N,ABR^A-N,ABR^B-N,ABR^C-N,ABT-N,ABX-N,AC-N,ACC-N,ACCO-N,ACH-N,ACM-N,ACN-N,ACP-N,ACRE-N,ACV-N,ADC-N,ADM-N,ADNT-N,ADS-N,ADSW-N,ADT-N,ADX-N,AEB-N,AED-N,AEE-N,AEG-N,AEH-N,AEL-N,AEM-N,AEO-N,AEP-N,AER-N,AES-N,AET-N,AFB-N,AFC-N,AFG-N,AFGE-N,AFGH-N,AFI-N,AFL-N,AFSI^A-N,AFSI^B-N,AFSI^C-N,AFSI^D-N,AFSI^E-N,AFSI^F-N,AFSS-N,AFST-N,AFT-N,AG-N,AGCO-N,AGD-N,AGI-N,AGM-N,AGM.A-N,AGM^A-N,AGM^B-N,AGM^C-N,AGN-N,AGO-N,AGO^B-N,AGO^E-N,AGO^F-N,AGR-N,AGRO-N,AGS-N,AGX-N,AHC-N,AHH-N,AHL-N,AHL^C-N,AHL^D-N,AHT-N,AHT^D-N,AHT^F-N,AHT^G-N,AHT^H-N,AHT^I-N,AI-N,AI^B-N,AIC-N,AIF-N,AIG-N,AIG.WS-N,AIN-N,AIR-N,AIT-N,AIV-N,AIV^A-N,AIW-N,AIY-N,AIZ-N,AIZP-N,AJG-N,AJRD-N,AJX-N,AJXA-N,AKO.A-N,AKO.B-N,AKP-N,AKR-N,AKS-N,AL-N,ALB-N,ALE-N,ALEX-N,ALG-N,ALK-N,ALL-N,ALL^A-N,ALL^B-N,ALL^C.CL-N,ALL^D-N,ALL^E-N,ALL^F-N,ALL^G-N,ALLE-N,ALLY-N,ALLY^A-N,ALP^Q-N,ALSN-N,ALV-N,ALX-N,AM-N,AMBR-N,AMC-N,AME-N,AMG-N,AMGP-N,AMH-N,AMH^D-N,AMH^E-N,AMH^F-N,AMH^G-N,AMH^H-N,AMID-N,AMN-N,AMOV-N,AMP-N,AMRC-N,AMRX-N,AMT-N,AMX-N,AN-N,ANDV-N,ANDX-N,ANET-N,ANF-N,ANFI-N,ANH-N,ANH^A-N,ANH^B-N,ANH^C-N,ANTM-N,ANW-N,AOD-N,AON-N,AOS-N,AP-N,APA-N,APAM-N,APB-N,APC-N,APD-N,APF-N,APH-N,APLE-N,APO-N,APO^A-N,APO^B-N,APRN-N,APTS-N,APTV-N,APU-N,APY-N,AQ-N,AQN-N,AQUA-N,AR-N,ARA-N,ARC-N,ARCH-N,ARCO-N,ARD-N,ARDC-N,ARE-N,ARE^D-N,ARES-N,ARES^A-N,ARGD-N,ARGO-N,ARI-N,ARI^C-N,ARL-N,ARLO-N,ARMK-N,ARNC-N,AROC-N,ARR-N,ARR^A-N,ARR^B-N,ARW-N,ASA-N,ASB-N,ASB^C-N,ASB^D-N,ASC-N,ASG-N,ASGN-N,ASH-N,ASIX-N,ASPN-N,ASR-N,ASX-N,AT-N,ATEN-N,ATGE-N,ATH-N,ATHM-N,ATI-N,ATKR-N,ATO-N,ATR-N,ATTO-N,ATU-N,ATUS-N,ATV-N,AU-N,AUO-N,AUY-N,AVA-N,AVAL-N,AVB-N,AVD-N,AVH-N,AVK-N,AVLR-N,AVNS-N,AVP-N,AVX-N,AVY-N,AVYA-N,AWF-N,AWI-N,AWK-N,AWP-N,AWR-N,AXE-N,AXL-N,AXP-N,AXR-N,AXS-N,AXS^D-N,AXS^E-N,AXTA-N,AYI-N,AYR-N,AYX-N,AZN-N,AZO-N,AZRE-N,AZUL-N,AZZ-N,B-N,BA-N,BABA-N,BAC-N,BAC.WS.A-N,BAC.WS.B-N,BAC^A-N,BAC^B-N,BAC^C-N,BAC^E-N,BAC^K-N,BAC^L-N,BAC^W-N,BAC^Y-N,BAF-N,BAH-N,BAK-N,BAM-N,BANC-N,BANC^D-N,BANC^E-N,BAP-N,BAS-N,BAX-N,BB-N,BBD-N,BBDC-N,BBDO-N,BBF-N,BBK-N,BBL-N,BBN-N,BBT-N,BBT^D-N,BBT^E-N,BBT^F-N,BBT^G-N,BBT^H-N,BBU-N,BBVA-N,BBW-N,BBX-N,BBY-N,BC-N,BCC-N,BCE-N,BCEI-N,BCH-N,BCO-N,BCRH-N,BCS-N,BCS^D-N,BCX-N,BDC-N,BDC^B-N,BDJ-N,BDN-N,BDX-N,BDXA-N,BE-N,BEDU-N,BEL-N,BEN-N,BEP-N,BERY-N,BF.A-N,BF.B-N,BFAM-N,BFK-N,BFO-N,BFR-N,BFS-N,BFS^C-N,BFS^D-N,BFY-N,BFZ-N,BG-N,BGB-N,BGG-N,BGH-N,BGIO-N,BGR-N,BGS-N,BGT-N,BGX-N,BGY-N,BH-N,BH.A-N,BHC-N,BHE-N,BHGE-N,BHK-N,BHLB-N,BHP-N,BHR-N,BHR^B-N,BHV-N,BHVN-N,BID-N,BIF-N,BIG-N,BIO-N,BIO.B-N,BIP-N,BIT-N,BITA-N,BJ-N,BJZ-N,BK-N,BK^C-N,BKD-N,BKE-N,BKH-N,BKHU-N,BKI-N,BKK-N,BKN-N,BKS-N,BKT-N,BKU-N,BLD-N,BLE-N,BLH-N,BLK-N,BLL-N,BLW-N,BLX-N,BMA-N,BME-N,BMI-N,BML^G-N,BML^H-N,BML^J-N,BML^L-N,BMO-N,BMS-N,BMY-N,BNED-N,BNS-N,BNY-N,BOE-N,BOH-N,BOOT-N,BORN-N,BOX-N,BP-N,BPI-N,BPK-N,BPL-N,BPMP-N,BPT-N,BQH-N,BR-N,BRC-N,BRFS-N,BRK.A-N,BRK.B-N,BRO-N,BRS-N,BRSS-N,BRT-N,BRX-N,BSA-N,BSAC-N,BSBR-N,BSD-N,BSE-N,BSIG-N,BSL-N,BSM-N,BSMX-N,BST-N,BSTI-N,BSX-N,BT-N,BTA-N,BTE-N,BTI-N,BTO-N,BTT-N,BTU-N,BTZ-N,BUD-N,BUI-N,BURL-N,BV-N,BVN-N,BW-N,BWA-N,BWG-N,BWXT-N,BX-N,BXC-N,BXE-N,BXG-N,BXMT-N,BXMX-N,BXP-N,BXP^B-N,BXS-N,BY-N,BYD-N,BYM-N,BZH-N,BZM-N,C-N,C.WS.A-N,C^C.CL-N,C^J-N,C^K-N,C^L-N,C^N-N,C^S-N,CAAP-N,CABO-N,CACI-N,CADE-N,CAE-N,CAF-N,CAG-N,CAH-N,CAI-N,CAI^A-N,CAI^B-N,CAJ-N,CAL-N,CALX-N,CANG-N,CAPL-N,CARS-N,CAT-N,CATO-N,CB-N,CBA-N,CBB-N,CBB^B-N,CBD-N,CBH-N,CBK-N,CBL-N,CBL^D-N,CBL^E-N,CBM-N,CBO-N,CBPX-N,CBRE-N,CBS-N,CBS.A-N,CBT-N,CBU-N,CBX-N,CBZ-N,CC-N,CCC.U-N,CCE-N,CCI-N,CCI^A-N,CCJ-N,CCK-N,CCL-N,CCM-N,CCO-N,CCR-N,CCS-N,CCT-N,CCU-N,CCZ-N,CDAY-N,CDE-N,CDR-N,CDR^B-N,CDR^C-N,CE-N,CEA-N,CEE-N,CEIX-N,CEL-N,CELP-N,CEM-N,CEN-N,CEO-N,CEPU-N,CEQP-N,CF-N,CFG-N,CFR-N,CFR^A-N,CFX-N,CGA-N,CGC-N,CGG-N,CHA-N,CHAP-N,CHCT-N,CHD-N,CHE-N,CHGG-N,CHH-N,CHK-N,CHK^D-N,CHKR-N,CHL-N,CHMI-N,CHMI^A-N,CHN-N,CHRA-N,CHS-N,CHSP-N,CHT-N,CHU-N,CI-N,CIA-N,CIB-N,CIC-N,CIC.U-N,CIC.WS-N,CIEN-N,CIF-N,CIG-N,CIG.C-N,CII-N,CIM-N,CIM^A-N,CIM^B-N,CIM^C-N,CINR-N,CIO-N,CIO^A-N,CIR-N,CISN-N,CIT-N,CIVI-N,CJ-N,CKH-N,CL-N,CLB-N,CLD-N,CLDR-N,CLDT-N,CLF-N,CLGX-N,CLH-N,CLI-N,CLNC-N,CLNY-N,CLNY^B-N,CLNY^E-N,CLNY^G-N,CLNY^H-N,CLNY^I-N,CLNY^J-N,CLPR-N,CLR-N,CLS-N,CLW-N,CLX-N,CM-N,CMA-N,CMA.WS-N,CMC-N,CMCM-N,CMD-N,CMG-N,CMI-N,CMO-N,CMO^E-N,CMP-N,CMRE-N,CMRE^B-N,CMRE^C-N,CMRE^D-N,CMRE^E-N,CMS-N,CMS^B-N,CMSA-N,CMU-N,CNA-N,CNC-N,CNDT-N,CNHI-N,CNI-N,CNK-N,CNNE-N,CNO-N,CNP-N,CNQ-N,CNS-N,CNX-N,CNXM-N,CO-N,CODI-N,CODI^A-N,CODI^B-N,COE-N,COF-N,COF.WS-N,COF^C-N,COF^D-N,COF^F-N,COF^G-N,COF^H-N,COF^P-N,COG-N,COL-N,COLD-N,COO-N,COP-N,COR-N,CORR-N,CORR^A-N,COT-N,COTY-N,CP-N,CPA-N,CPAC-N,CPB-N,CPE-N,CPE^A-N,CPF-N,CPG-N,CPK-N,CPL-N,CPLG-N,CPS-N,CPT-N,CR-N,CRC-N,CRCM-N,CRD.A-N,CRD.B-N,CRH-N,CRI-N,CRK-N,CRL-N,CRM-N,CRR-N,CRS-N,CRT-N,CRY-N,CS-N,CSL-N,CSLT-N,CSS-N,CSTM-N,CSU-N,CSV-N,CTAA-N,CTB-N,CTBB-N,CTDD-N,CTL-N,CTLT-N,CTR-N,CTS-N,CTT-N,CTV-N,CTY-N,CTZ-N,CUB-N,CUBE-N,CUBI-N,CUBI^C-N,CUBI^D-N,CUBI^E-N,CUBI^F-N,CUK-N,CULP-N,CURO-N,CUZ-N,CVA-N,CVE-N,CVEO-N,CVG-N,CVI-N,CVIA-N,CVNA-N,CVRR-N,CVS-N,CVX-N,CW-N,CWEN-N,CWEN.A-N,CWH-N,CWK-N,CWT-N,CX-N,CXE-N,CXH-N,CXO-N,CXP-N,CXW-N,CYD-N,CYH-N,CZZ-N,D-N,DAC-N,DAL-N,DAN-N,DAR-N,DATA-N,DAVA-N,DB-N,DBD-N,DBL-N,DCF-N,DCI-N,DCO-N,DCP-N,DCP^B-N,DCUD-N,DD^A-N,DD^B-N,DDD-N,DDE-N,DDF-N,DDR-N,DDR^A-N,DDR^J-N,DDR^K-N,DDS-N,DDT-N,DE-N,DEA-N,DECK-N,DEI-N,DEO-N,DESP-N,DEX-N,DF-N,DFIN-N,DFP-N,DFS-N,DG-N,DGX-N,DHCP-N,DHCP.WS.A-N,DHCP.WS.B-N,DHF-N,DHI-N,DHR-N,DHT-N,DHX-N,DIAX-N,DIN-N,DIS-N,DK-N,DKL-N,DKS-N,DKT-N,DL-N,DLB-N,DLNG-N,DLNG^A-N,DLPH-N,DLR-N,DLR^C-N,DLR^G-N,DLR^H-N,DLR^I-N,DLR^J-N,DLX-N,DM-N,DMB-N,DMO-N,DNB-N,DNI-N,DNOW-N,DNP-N,DNR-N,DO-N,DOC-N,DOOR-N,DOV-N,DPG-N,DPLO-N,DPZ-N,DQ-N,DRD-N,DRE-N,DRH-N,DRI-N,DRQ-N,DRUA-N,DS-N,DS^B-N,DS^C-N,DS^D-N,DSE-N,DSL-N,DSM-N,DSU-N,DSW-N,DSX-N,DSX^B-N,DSXN-N,DTE-N,DTF-N,DTJ-N,DTLA^-N,DTQ-N,DTV-N,DTW-N,DTY-N,DUC-N,DUK-N,DUKB-N,DUKH-N,DVA-N,DVD-N,DVMT-N,DVN-N,DWDP-N,DX-N,DX^A-N,DX^B-N,DXB-N,DXC-N,DY-N,DYNC-N,E-N,EAB-N,EAE-N,EAF-N,EAI-N,EARN-N,EAT-N,EB-N,EBF-N,EBR-N,EBR.B-N,EBS-N,EC-N,ECA-N,ECC-N,ECCA-N,ECCB-N,ECCX-N,ECCY-N,ECL-N,ECOM-N,ECR-N,ECT-N,ED-N,EDD-N,EDF-N,EDI-N,EDN-N,EDU-N,EE-N,EEA-N,EEP-N,EEQ-N,EEX-N,EFC-N,EFF-N,EFL-N,EFR-N,EFT-N,EFX-N,EGF-N,EGHT-N,EGIF-N,EGL-N,EGN-N,EGO-N,EGP-N,EGY-N,EHC-N,EHI-N,EHIC-N,EHT-N,EIG-N,EIX-N,EL-N,ELAN-N,ELC-N,ELF-N,ELJ-N,ELLI-N,ELP-N,ELS-N,ELU-N,ELVT-N,ELY-N,EMD-N,EME-N,EMES-N,EMF-N,EMN-N,EMO-N,EMP-N,EMR-N,ENB-N,ENBA-N,ENBL-N,ENIA-N,ENIC-N,ENJ-N,ENLC-N,ENLK-N,ENO-N,ENR-N,ENS-N,ENV-N,ENVA-N,ENZ-N,EOCC-N,EOD-N,EOG-N,EOI-N,EOS-N,EOT-N,EP^C-N,EPAM-N,EPC-N,EPD-N,EPE-N,EPR-N,EPR^C-N,EPR^E-N,EPR^G-N,EPRT-N,EQC-N,EQC^D-N,EQGP-N,EQH-N,EQM-N,EQNR-N,EQR-N,EQS-N,EQT-N,ERA-N,ERF-N,ERJ-N,EROS-N,ES-N,ESE-N,ESL-N,ESNT-N,ESRT-N,ESS-N,ESTE-N,ESV-N,ETB-N,ETE-N,ETG-N,ETH-N,ETJ-N,ETM-N,ETN-N,ETO-N,ETP-N,ETP^C-N,ETP^D-N,ETR-N,ETV-N,ETW-N,ETX-N,ETY-N,EURN-N,EV-N,EVA-N,EVC-N,EVF-N,EVG-N,EVH-N,EVHC-N,EVN-N,EVR-N,EVRG-N,EVRI-N,EVT-N,EVTC-N,EW-N,EXC-N,EXD-N,EXG-N,EXK-N,EXP-N,EXPR-N,EXR-N,EXTN-N,EZT-N,F-N,FAF-N,FAM-N,FBC-N,FBHS-N,FBK-N,FBM-N,FBP-N,FBR-N,FC-N,FCAU-N,FCB-N,FCE.A-N,FCF-N,FCFS-N,FCN-N,FCPT-N,FCT-N,FCX-N,FDC-N,FDEU-N,FDP-N,FDS-N,FDX-N,FE-N,FEDU-N,FEI-N,FELP-N,FENG-N,FEO-N,FET-N,FF-N,FFA-N,FFC-N,FFG-N,FG-N,FG.WS-N,FGB-N,FGP-N,FHN-N,FHN^A-N,FI-N,FICO-N,FIF-N,FII-N,FIS-N,FIT-N,FIV-N,FIX-N,FL-N,FLC-N,FLO-N,FLOW-N,FLR-N,FLS-N,FLT-N,FLY-N,FMC-N,FMN-N,FMO-N,FMS-N,FMX-N,FMY-N,FN-N,FNB-N,FNB^E-N,FND-N,FNF-N,FNV-N,FOE-N,FOF-N,FOR-N,FPAC-N,FPAC.U-N,FPAC.WS-N,FPF-N,FPH-N,FPI-N,FPI^B-N,FPL-N,FR-N,FRA-N,FRAC-N,FRC-N,FRC^D-N,FRC^E-N,FRC^F-N,FRC^G-N,FRC^H-N,FRC^I-N,FRO-N,FRT-N,FRT^C-N,FSB-N,FSD-N,FSIC-N,FSM-N,FSS-N,FT-N,FTAI-N,FTCH-N,FTI-N,FTK-N,FTS-N,FTSI-N,FTV-N,FTV.WD-N,FTV^A-N,FUL-N,FUN-N,G-N,GAB-N,GAB^D-N,GAB^G-N,GAB^H-N,GAB^J-N,GAM-N,GAM^B-N,GATX-N,GBAB-N,GBL-N,GBX-N,GCAP-N,GCI-N,GCO-N,GCP-N,GCV-N,GCV^B-N,GCV~-N,GD-N,GDDY-N,GDI-N,GDL-N,GDL^C-N,GDO-N,GDOT-N,GDV-N,GDV^A-N,GDV^D-N,GDV^G-N,GE-N,GEF-N,GEF.B-N,GEL-N,GEN-N,GEO-N,GER-N,GES-N,GF-N,GFA-N,GFF-N,GFI-N,GFY-N,GG-N,GGB-N,GGG-N,GGM-N,GGT-N,GGT^B-N,GGT^E-N,GGZ-N,GGZ^A-N,GHC-N,GHG-N,GHL-N,GHM-N,GHY-N,GIB-N,GIG-N,GIG.U-N,GIG.WS-N,GIG~-N,GIL-N,GIM-N,GIS-N,GJH-N,GJO-N,GJP-N,GJR-N,GJS-N,GJT-N,GJV-N,GKOS-N,GLOB-N,GLOG-N,GLOG^A-N,GLOP-N,GLOP^A-N,GLOP^B-N,GLP-N,GLP^A-N,GLT-N,GLW-N,GM-N,GM.WS.B-N,GME-N,GMED-N,GMRE-N,GMRE^A-N,GMS-N,GMTA-N,GMZ-N,GNC-N,GNE-N,GNE^A-N,GNK-N,GNL-N,GNL^A-N,GNRC-N,GNT-N,GNT^A-N,GNW-N,GOF-N,GOL-N,GOLF-N,GOOS-N,GPC-N,GPI-N,GPJA-N,GPK-N,GPM-N,GPMT-N,GPN-N,GPRK-N,GPS-N,GPT-N,GPT^A-N,GPX-N,GRA-N,GRAM-N,GRC-N,GRP.U-N,GRUB-N,GRX-N,GRX^A-N,GRX^B-N,GS-N,GS^A-N,GS^B-N,GS^C-N,GS^D-N,GS^J-N,GS^K-N,GS^N-N,GSAH-N,GSAH.U-N,GSAH.WS-N,GSBD-N,GSH-N,GSK-N,GSL-N,GSL^B-N,GTES-N,GTN-N,GTN.A-N,GTS-N,GTT-N,GTX$-N,GTY-N,GUT-N

,GUT^A-N,GUT^C-N,GVA-N,GWB-N,GWR-N,GWRE-N,GWW-N,GYB-N,GYC-N,GZT-N,H-N,HAE-N,HAL-N,HASI-N,HBB-N,HBI-N,HBM-N,HCA-N,HCC-N,HCFT-N,HCFT^A-N,HCHC-N,HCI-N,HCLP-N,HCP-N,HCXZ-N,HD-N,HDB-N,HE-N,HE^U-N,HEI-N,HEI.A-N,HEP-N,HEQ-N,HES-N,HES^A-N,HESM-N,HF-N,HFC-N,HFRO-N,HGH-N,HGV-N,HHC-N,HHS-N,HI-N,HIE-N,HIFR-N,HIG-N,HIG.WS-N,HII-N,HIO-N,HIVE-N,HIW-N,HIX-N,HJV-N,HK-N,HK.WS-N,HL-N,HL^B-N,HLF-N,HLI-N,HLT-N,HLX-N,HMC-N,HMI-N,HMLP-N,HMLP^A-N,HMN-N,HMY-N,HNGR-N,HNI-N,HNP-N,HOG-N,HOME-N,HON-N,HON$-N,HOS-N,HOV-N,HP-N,HPE-N,HPF-N,HPI-N,HPP-N,HPQ-N,HPR-N,HPS-N,HQH-N,HQL-N,HR-N,HRB-N,HRC-N,HRI-N,HRL-N,HRS-N,HRTG-N,HSBC-N,HSBC^A-N,HSC-N,HST-N,HSY-N,HT-N,HT^C-N,HT^D-N,HT^E-N,HTA-N,HTD-N,HTFA-N,HTGC-N,HTGX-N,HTH-N,HTY-N,HTZ-N,HUBB-N,HUBS-N,HUD-N,HUM-N,HUN-N,HUYA-N,HVT-N,HVT.A-N,HXL-N,HY-N,HYB-N,HYI-N,HYT-N,HZN-N,HZO-N,I-N,IAE-N,IAG-N,IBA-N,IBM-N,IBN-N,IBP-N,ICD-N,ICE-N,ICL-N,IDA-N,IDE-N,IDT-N,IEX-N,IFF-N,IFFT-N,IFN-N,IGA-N,IGD-N,IGI-N,IGR-N,IGT-N,IHC-N,IHD-N,IHG-N,IHIT-N,IHTA-N,IID-N,IIF-N,IIM-N,IIPR-N,IIPR^A-N,IMAX-N,INB-N,INF-N,INFY-N,ING-N,INGR-N,INN-N,INN^D-N,INN^E-N,INSI-N,INSP-N,INST-N,INSW-N,INSW^A-N,INT-N,INVH-N,INXN-N,IO-N,IP-N,IPG-N,IPHI-N,IPI-N,IPL^D-N,IPOA-N,IPOA.U-N,IPOA.WS-N,IQI-N,IQV-N,IR-N,IRET-N,IRET^C-N,IRL-N,IRM-N,IRR-N,IRS-N,IRT-N,ISD-N,ISF-N,ISG-N,IT-N,ITCB-N,ITG-N,ITGR-N,ITT-N,ITUB-N,ITW-N,IVC-N,IVH-N,IVR-N,IVR^A-N,IVR^B-N,IVR^C-N,IVZ-N,IX-N,JAG-N,JAX-N,JBGS-N,JBK-N,JBL-N,JBN-N,JBR-N,JBT-N,JCAP-N,JCAP^B-N,JCE-N,JCI-N,JCO-N,JCP-N,JDD-N,JE-N,JE^A-N,JEC-N,JEF-N,JELD-N,JEMD-N,JEQ-N,JFR-N,JGH-N,JHA-N,JHB-N,JHD-N,JHG-N,JHI-N,JHS-N,JHX-N,JHY-N,JILL-N,JKS-N,JLL-N,JLS-N,JMEI-N,JMF-N,JMLP-N,JMM-N,JMP-N,JMPB-N,JMPD-N,JMT-N,JNJ-N,JNPR-N,JOE-N,JOF-N,JONE-N,JP-N,JPC-N,JPI-N,JPM-N,JPM.WS-N,JPM^A-N,JPM^B-N,JPM^E-N,JPM^F-N,JPM^G-N,JPM^H-N,JPS-N,JPT-N,JQC-N,JRI-N,JRO-N,JRS-N,JSD-N,JT-N,JTA-N,JTD-N,JW.A-N,JW.B-N,JWN-N,K-N,KAI-N,KAMN-N,KAP-N,KAR-N,KB-N,KBH-N,KBR-N,KDMN-N,KDP-N,KEG-N,KEM-N,KEN-N,KEP-N,KEX-N,KEY-N,KEY^I-N,KEY^J-N,KEYS-N,KF-N,KFS-N,KFY-N,KGC-N,KIM-N,KIM^I-N,KIM^J-N,KIM^K-N,KIM^L-N,KIM^M-N,KIO-N,KKR-N,KKR^A-N,KKR^B-N,KL-N,KMB-N,KMF-N,KMG-N,KMI-N,KMI^A-N,KMM-N,KMPA-N,KMPR-N,KMT-N,KMX-N,KN-N,KNL-N,KNOP-N,KNX-N,KO-N,KODK-N,KOF-N,KOP-N,KORS-N,KOS-N,KR-N,KRA-N,KRC-N,KREF-N,KRG-N,KRO-N,KRP-N,KS-N,KSM-N,KSS-N,KST-N,KSU-N,KSU^-N,KT-N,KTF-N,KTH-N,KTN-N,KTP-N,KW-N,KWR-N,KYN-N,KYN^F-N,L-N,LAC-N,LAD-N,LADR-N,LAZ-N,LB-N,LBRT-N,LC-N,LCI-N,LCII-N,LDF-N,LDL-N,LDOS-N,LDP-N,LEA-N,LEAF-N,LEE-N,LEG-N,LEJU-N,LEN-N,LEN.B-N,LEO-N,LFC-N,LGC-N,LGC.U-N,LGC.WS-N,LGF.A-N,LGF.B-N,LGI-N,LH-N,LHC-N,LHC.U-N,LHC.WS-N,LHO-N,LHO^I-N,LHO^J-N,LII-N,LITB-N,LKM-N,LKSD-N,LL-N,LLL-N,LLY-N,LM-N,LMHA-N,LMHB-N,LMT-N,LN-N,LNC-N,LNC.WS-N,LND-N,LNN-N,LNT-N,LOMA-N,LOR-N,LOW-N,LPG-N,LPI-N,LPL-N,LPT-N,LPX-N,LRN-N,LSI-N,LTC-N,LTM-N,LTN-N,LTN.U-N,LTN.WS-N,LTN~-N,LUB-N,LUV-N,LVS-N,LW-N,LXFR-N,LXFT-N,LXP-N,LXP^C-N,LXU-N,LYB-N,LYG-N,LYV-N,LZB-N,M-N,MA-N,MAA-N,MAA^I-N,MAC-N,MAIN-N,MAN-N,MANU-N,MAS-N,MATX-N,MAV-N,MAXR-N,MBI-N,MBT-N,MC-N,MCA-N,MCB-N,MCC-N,MCD-N,MCI-N,MCK-N,MCN-N,MCO-N,MCR-N,MCRN-N,MCS-N,MCV-N,MCX-N,MCY-N,MD-N,MDC-N,MDLQ-N,MDLX-N,MDLY-N,MDP-N,MDR-N,MDT-N,MDU-N,MED-N,MEI-N,MEN-N,MER^K-N,MET-N,MET^A-N,MET^E-N,MFA-N,MFA^B-N,MFAC-N,MFAC.U-N,MFAC.WS-N,MFC-N,MFCB-N,MFD-N,MFG-N,MFGP-N,MFL-N,MFM-N,MFO-N,MFT-N,MFV-N,MG-N,MGA-N,MGF-N,MGM-N,MGP-N,MGU-N,MGY-N,MGY.WS-N,MH^A-N,MH^C-N,MH^D-N,MHD-N,MHE-N,MHF-N,MHI-N,MHK-N,MHLA-N,MHN-N,MHNC-N,MHO-N,MIC-N,MIE-N,MIN-N,MITT-N,MITT^A-N,MITT^B-N,MIXT-N,MIY-N,MKC-N,MKC.V-N,MKL-N,MLI-N,MLM-N,MLP-N,MLR-N,MMC-N,MMD-N,MMI-N,MMM-N,MMP-N,MMS-N,MMT-N,MMU-N,MN-N,MNE-N,MNK-N,MNP-N,MNR-N,MNR^C-N,MO-N,MOD-N,MODN-N,MOG.A-N,MOG.B-N,MOH-N,MOS-N,MOSC-N,MOSC.U-N,MOSC.WS-N,MOV-N,MP^D.CL-N,MPA-N,MPC-N,MPLX-N,MPO-N,MPV-N,MPW-N,MPX-N,MQT-N,MQY-N,MRC-N,MRK-N,MRO-N,MRT-N,MS-N,MS^A-N,MS^E-N,MS^F-N,MS^G-N,MS^I-N,MS^K-N,MSA-N,MSB-N,MSCI-N,MSD-N,MSF-N,MSG-N,MSGN-N,MSI-N,MSL-N,MSM-N,MSP-N,MT-N,MTB-N,MTB.WS-N,MTB^-N,MTB^C-N,MTD-N,MTDR-N,MTG-N,MTH-N,MTL-N,MTL^-N,MTN-N,MTOR-N,MTR-N,MTRN-N,MTT-N,MTW-N,MTX-N,MTZ-N,MUA-N,MUC-N,MUE-N,MUFG-N,MUH-N,MUI-N,MUJ-N,MUR-N,MUS-N,MUSA-N,MUX-N,MVC-N,MVCD-N,MVF-N,MVO-N,MVT-N,MWA-N,MX-N,MXE-N,MXF-N,MXL-N,MYC-N,MYD-N,MYE-N,MYF-N,MYI-N,MYJ-N,MYN-N,MYOV-N,MZA-N,NAC-N,NAD-N,NAN-N,NAO-N,NAP-N,NAT-N,NAV-N,NAV^D-N,NAZ-N,NBB-N,NBD-N,NBHC-N,NBL-N,NBLX-N,NBR-N,NBR^A-N,NC-N,NCA-N,NCB-N,NCI-N,NCLH-N,NCR-N,NCS-N,NCV-N,NCV^A-N,NCZ-N,NCZ^A-N,NDP-N,NE-N,NEA-N,NEE-N,NEE^I-N,NEE^J-N,NEE^K-N,NEE^R-N,NEM-N,NEP-N,NETS-N,NEU-N,NEV-N,NEW-N,NEWM-N,NEWR-N,NEXA-N,NFC-N,NFC.U-N,NFC.WS-N,NFG-N,NFJ-N,NFX-N,NGG-N,NGL-N,NGL^B-N,NGLS^A-N,NGS-N,NGVC-N,NGVT-N,NHA-N,NHF-N,NHI-N,NI-N,NID-N,NIE-N,NIM-N,NINE-N,NIO-N,NIQ-N,NJR-N,NJV-N,NKE-N,NKG-N,NKX-N,NL-N,NLS-N,NLSN-N,NLY-N,NLY^C-N,NLY^D-N,NLY^F-N,NLY^G-N,NLY^H-N,NM-N,NM^G-N,NM^H-N,NMFC-N,NMI-N,NMK^B-N,NMK^C-N,NMM-N,NMR-N,NMS-N,NMT-N,NMY-N,NMZ-N,NNA-N,NNC-N,NNI-N,NNN-N,NNN^E-N,NNN^F-N,NNY-N,NOA-N,NOAH-N,NOC-N,NOK-N,NOM-N,NOMD-N,NOV-N,NOW-N,NP-N,NPK-N,NPN-N,NPO-N,NPTN-N,NPV-N,NQP-N,NR-N,NRE-N,NRG-N,NRK-N,NRP-N,NRT-N,NRZ-N,NS-N,NS^A-N,NS^B-N,NS^C-N,NSA-N,NSA^A-N,NSC-N,NSL-N,NSP-N,NSS-N,NTB-N,NTC-N,NTEST-N,NTEST.A-N,NTEST.B-N,NTEST.C-N,NTG-N,NTP-N,NTR-N,NTX-N,NTZ-N,NUE-N,NUM-N,NUO-N,NUS-N,NUV-N,NUW-N,NVG-N,NVGS-N,NVO-N,NVR-N,NVRO-N,NVS-N,NVT-N,NVTA-N,NWE-N,NWHM-N,NWL-N,NWN-N,NWY-N,NX-N,NXC-N,NXJ-N,NXN-N,NXP-N,NXQ-N,NXR-N,NXRT-N,NYCB-N,NYCB^A-N,NYCB^U-N,NYRT-N,NYT-N,NYV-N,NZF-N,O-N,OAK-N,OAK^A-N,OAK^B-N,OAS-N,OBE-N,OC-N,OCN-N,ODC-N,OEC-N,OFC-N,OFG-N,OFG^A-N,OFG^B-N,OFG^D-N,OGE-N,OGS-N,OHI-N,OI-N,OIA-N,OIBR.C-N,OII-N,OIS-N,OKE-N,OLN-N,OLP-N,OMAD-N,OMAD.U-N,OMAD.WS-N,OMC-N,OMF-N,OMI-N,OMN-N,OMP-N,ONDK-N,ONE-N,OOMA-N,OPP-N,OPY-N,OR-N,ORA-N,ORAN-N,ORC-N,ORCL-N,ORI-N,ORN-N,OSB-N,OSG-N,OSK-N,OSLE-N,OUT-N,OXM-N,OXY-N,OZM-N,P-N,PAA-N,PAC-N,PAG-N,PAGP-N,PAGS-N,PAH-N,PAI-N,PAM-N,PANW-N,PAR-N,PARR-N,PAYC-N,PB-N,PBA-N,PBB-N,PBF-N,PBFX-N,PBH-N,PBI-N,PBI^B-N,PBR-N,PBR.A-N,PBT-N,PBY-N,PCF-N,PCG-N,PCI-N,PCK-N,PCM-N,PCN-N,PCQ-N,PDI-N,PDM-N,PDS-N,PDT-N,PE-N,PEB-N,PEB^C-N,PEB^D-N,PEG-N,PEI-N,PEI^B-N,PEI^C-N,PEI^D-N,PEN-N,PEO-N,PER-N,PES-N,PF-N,PFD-N,PFE-N,PFGC-N,PFH-N,PFL-N,PFN-N,PFO-N,PFS-N,PFSI-N,PG-N,PGP-N,PGR-N,PGRE-N,PGTI-N,PGZ-N,PH-N,PHD-N,PHG-N,PHH-N,PHI-N,PHK-N,PHM-N,PHT-N,PHX-N,PII-N,PIM-N,PIR-N,PIY-N,PJC-N,PJH-N,PJT-N,PK-N,PKD-N,PKE-N,PKG-N,PKI-N,PKO-N,PKX-N,PLD-N,PLNT-N,PLOW-N,PLT-N,PM-N,PMF-N,PML-N,PMM-N,PMO-N,PMT-N,PMT^A-N,PMT^B-N,PMX-N,PNC-N,PNC.WS-N,PNC^P-N,PNC^Q-N,PNF-N,PNI-N,PNM-N,PNR-N,PNW-N,POL-N,POR-N,POST-N,PPDF-N,PPG-N,PPL-N,PPR-N,PPT-N,PPX-N,PQG-N,PRA-N,PRE^F-N,PRE^G-N,PRE^H-N,PRE^I-N,PRGO-N,PRH-N,PRI-N,PRIF^A-N,PRLB-N,PRO-N,PRS-N,PRSP-N,PRT-N,PRTY-N,PRU-N,PSA-N,PSA^A-N,PSA^B-N,PSA^C-N,PSA^D-N,PSA^E-N,PSA^F-N,PSA^G-N,PSA^U-N,PSA^V-N,PSA^W-N,PSA^X-N,PSA^Y-N,PSA^Z-N,PSB-N,PSB^U-N,PSB^V-N,PSB^W-N,PSB^X-N,PSB^Y-N,PSF-N,PSO-N,PSTG-N,PSX-N,PSXP-N,PTR-N,PTY-N,PUK-N,PUK^-N,PUK^A-N,PUMP-N,PVG-N,PVH-N,PVL-N,PVTL-N,PWR-N,PX-N,PXD-N,PYN-N,PYS-N,PYT-N,PYX-N,PZC-N,PZN-N,QD-N,QEP-N,QES-N,QGEN-N,QHC-N,QSR-N,QTM-N,QTS-N,QTS^A-N,QTS^B-N,QTWO-N,QUAD-N,QUOT-N,QVCD-N,R-N,RA-N,RACE-N,RAD-N,RBA-N,RBC-N,RBS-N,RBS^S-N,RCI-N,RCL-N,RCS-N,RCUS-N,RDC-N,RDN-N,RDS.A-N,RDS.B-N,RDY-N,RE-N,REG-N,RELX-N,REN-N,RENN-N,RES-N,RESI-N,REV-N,REVG-N,REX-N,REXR-N,REXR^A-N,REXR^B-N,RF-N,RF^A-N,RF^B-N,RFI-N,RFP-N,RGA-N,RGR-N,RGS-N,RGT-N,RH-N,RHI-N,RHP-N,RHT-N,RIG-N,RIO-N,RIV-N,RJF-N,RL-N,RLGY-N,RLH-N,RLI-N,RLJ-N,RLJ^A-N,RM-N,RMAX-N,RMD-N,RMPL^-N,RMT-N,RNG-N,RNGR-N,RNP-N,RNR-N,RNR^C-N,RNR^E-N,RNR^F-N,ROG-N,ROK-N,ROL-N,ROP-N,ROYT-N,RPAI-N,RPM-N,RPT-N,RPT^D-N,RQI-N,RRC-N,RRD-N,RRTS-N,RS-N,RSG-N,RST-N,RTEC-N,RTN-N,RUBI-N,RVI-N,RVT-N,RWGE-N,RWGE.U-N,RWGE.WS-N,RWT-N,RXN-N,RXN^A-N,RY-N,RY^T-N,RYAM-N,RYAM^A-N,RYB-N,RYI-N,RYN-N,RZA-N,RZB-N,S-N,SA-N,SAB-N,SAF-N,SAFE-N,SAH-N,SAIC-N,SAIL-N,SALT-N,SAM-N,SAN-N,SAN^B-N,SAP-N,SAR-N,SAVE-N,SB-N,SB^C-N,SB^D-N,SBBC-N,SBGL-N,SBH-N,SBI-N,SBNA-N,SBOW-N,SBR-N,SBS-N,SC-N,SCA-N,SCCO-N,SCD-N,SCE^G-N,SCE^H-N,SCE^J-N,SCE^K-N,SCE^L-N,SCG-N,SCHW-N,SCHW^C-N,SCHW^D-N,SCI-N,SCL-N,SCM-N,SCS-N,SCX-N,SD-N,SDLP-N,SDR-N,SDRL-N,SDT-N,SE-N,SEAS-N,SEE-N,SEM-N,SEMG-N,SEND-N,SEP-N,SERV-N,SERV$-N,SF-N,SF^A-N,SFB-N,SFE-N,SFL-N,SFS-N,SFUN-N,SGU-N,SGZA-N,SHAK-N,SHG-N,SHI-N,SHLX-N,SHO-N,SHO^E-N,SHO^F-N,SHOP-N,SHW-N,SID-N,SIG-N,SITE-N,SIX-N,SJI-N,SJIU-N,SJM-N,SJR-N,SJT-N,SJW-N,SKM-N,SKT-N,SKX-N,SKY-N,SLB-N,SLCA-N,SLD-N,SLDA-N,SLDD-N,SLF-N,SLG-N,SLG^I-N,SLTB-N,SM-N,SMAR-N,SMFG-N,SMG-N,SMHI-N,SMI-N,SMLP-N,SMM-N,SMP-N,SMTA-N,SN-N,SNA-N,SNAP-N,SNDR-N,SNE-N,SNN-N,SNP-N,SNR-N,SNV-N,SNV^D-N,SNX-N,SNY-N,SO-N,SOGO-N,SOI-N,SOJA-N,SOJB-N,SOJC-N,SOL-N,SON-N,SOR-N,SPA-N,SPAQ.U-N,SPB-N,SPE-N,SPE^B-N,SPG-N,SPG^J-N,SPGI-N,SPH-N,SPLP-N,SPLP^A-N,SPN-N,SPOT-N,SPR-N,SPXC-N,SPXX-N,SQ-N,SQM-N,SQNS-N,SR-N,SRC-N,SRC^A-N,SRE-N,SRE^A-N,SRE^B-N,SRF-N,SRG-N,SRG^A-N,SRI-N,SRLP-N,SRT-N,SRV-N,SSD-N,SSI-N,SSL-N,SSTK-N,SSW-N,SSW^D-N,SSW^E-N,SSW^G-N,SSW^H-N,SSW^I-N,SSWA-N,SSWN-N,ST-N,STAG-N,STAG^C-N,STAR-N,STAR^D-N,STAR^G-N,STAR^I-N,STC-N,STE-N,STG-N,STI-N,STI.WS.A-N,STI.WS.B-N,STI^A-N,STK-N,STL-N,STL^A-N,STM-N,STN-N,STNG-N,STON-N,STOR-N,STT-N,STT^C-N,STT^D-N,STT^E-N,STT^G-N,STWD-N,STZ-N,STZ.B-N,SU-N,SUI-N,SUM-N,SUN-N,SUP-N,SUPV-N,SVU-N,SWCH-N,SWJ-N,SWK-N,SWM-N,SWN-N,SWP-N,SWX-N,SWZ-N,SXC-N,SXCP-N,SXE-N,SXI-N,SXT-N,SYF-N,SYK-N,SYX-N,SYY-N,SZC-N,T-N,TAC-N,TAHO-N,TAL-N,TALO-N,TAP-N,TAP.A-N,TARO-N,TBB-N,TBC-N,TBI-N,TCF-N,TCF.WS-N,TCF^D-N,TCI-N,TCO-N,TCO^J-N,TCO^K-N,TCP-N,TCRX-N,TCRZ-N,TCS-N,TD-N,TDA-N,TDC-N,TDE-N,TDF-N,TDG-N,TDI-N,TDJ-N,TDOC-N,TDS-N,TDW-N,TDW.WS.A-N,TDW.WS.B-N,TDY-N,TECK-N,TEF-N,TEI-N,TEL-N,TEN-N,TEO-N,TER-N,TEVA-N,TEX-N,TFX-N,TG-N,TGE-N,TGH-N,TGI-N,TGNA-N,TGP-N,TGP^A-N,TGP^B-N,TGS-N,TGT-N,THC-N,THG-N,THGA-N,THO-N,THQ-N,THR-N,THS-N,THW-N,TI-N,TI.A-N,TIER-N,TIF-N,TISI-N,TJX-N,TK-N,TKC-N,TKR-N,TLI-N,TLK-N,TLP-N,TLRA-N,TLRD-N,TLYS-N,TM-N,TMHC-N,TMK-N,TMK^C-N,TMO-N,TMST-N,TNC-N,TNET-N,TNK-N,TNP-N,TNP^B-N,TNP^C-N,TNP^D-N,TNP^E-N,TNP^F-N,TOL-N,TOO-N,TOO^A-N,TOO^B-N,TOO^E-N,TOT-N,TOWR-N,TPB-N,TPC-N,TPGH-N,TPGH.U-N,TPGH.WS-N,TPH-N,TPL-N,TPR-N,TPRE-N,TPVG-N,TPVY-N,TPX-N,TPZ-N,TR-N,TRC-N,TRCO-N,TREC-N,TREX-N,TRGP-N,TRI-N,TRK-N,TRN-N,TRNO-N,TROX-N,TRP-N,TRQ-N,TRTN-N,TRTX-N,TRU-N,TRV-N,TS-N,TSE-N,TSI-N,TSLF-N,TSLX-N,TSM-N,TSN-N,TSQ-N,TSS-N,TSU-N,TTC-N,TTI-N,TTM-N,TTP-N,TU-N,TUP-N,TV-N,TVC-N,TVE-N,TVPT-N,TWI-N,TWLO-N,TWN-N,TWO-N,TWO^A-N,TWO^B-N,TWO^C-N,TWO^D-N,TWO^E-N,TWTR-N,TX-N,TXT-N,TY-N,TY^-N,TYG-N,TYL-N,UA-N,UAA-N,UAN-N,UBA-N,UBP-N,UBP^G-N,UBP^H-N,UBS-N,UDR-N,UE-N,UFI-N,UFS-N,UGI-N,UGP-N,UHS-N,UHT-N,UIS-N,UL-N,UMC-N,UMH-N,UMH^B-N,UMH^C-N,UMH^D-N,UN-N,UNF-N,UNH-N,UNM-N,UNMA-N,UNP-N,UNT-N,UNVR-N,UPS-N,URI-N,USA-N,USAC-N,USB-N,USB^A-N,USB^H-N,USB^M-N,USB^O-N,USB^P-N,USDP-N,USFD-N,USG-N,USM-N,USNA-N,USPH-N,USX-N,UTF-N,UTI-N,UTL-N,UTX-N,UVE-N,UVV-N,UZA-N,UZB-N,UZC-N,V-N,VAC-N,VALE-N,VAM-N,VAR-N,VBF-N,VCRA-N,VCV-N,VEC-N,VEDL-N,VEEV-N,VER-N,VER^F-N,VET-N,VFC-N,VG-N,VGI-N,VGM-N,VGR-N,VHI-N,VICI-N,VIPS-N,VIV-N,VJET-N,VKQ-N,VLO-N,VLP-N,VLRS-N,VLT-N,VLY-N,VLY.WS-N,VLY^A-N,VLY^B-N,VMC-N,VMI-N,VMO-N,VMW-N,VNCE-N,VNE-N,VNO-N,VNO^K-N,VNO^L-N,VNO^M-N,VNTR-N,VOC-N,VOYA-N,VPG-N,VPV-N,VR^A-N,VR^B-N,VRS-N,VRTV-N,VSH-N,VSI-N,VSLR-N,VSM-N,VST-N,VST.WS.A-N,VSTO-N,VTA-N,VTN-N,VTR-N,VTRB-N,VVC-N,VVI-N,VVR-N,VVV-N,VZ-N,VZA-N,W-N,WAAS-N,WAB-N,WAGE-N,WAIR-N,WAL-N,WALA-N,WAT-N,WBAI-N,WBC-N,WBK-N,WBS-N,WBS^F-N,WBT-N,WCC-N,WCG-N,WCN-N,WD-N,WDR-N,WEA-N,WEC-N,WELL-N,WELL^I-N,WES-N,WEX-N,WF-N,WFC-N,WFC.WS-N,WFC^L-N,WFC^N-N,WFC^O-N,WFC^P-N,WFC^Q-N,WFC^R-N,WFC^T-N,WFC^V-N,WFC^W-N,WFC^X-N,WFC^Y-N,WFE^A-N,WFT-N,WGO-N,WGP-N,WH-N,WHD-N,WHG-N,WHR-N,WIA-N,WIT-N,WIW-N,WK-N,WLH-N,WLK-N,WLKP-N,WLL-N,WM-N,WMB-N,WMC-N,WMK-N,WMLP-N,WMS-N,WMT-N,WNC-N,WNS-N,WOR-N,WOW-N,WP-N,WPC-N,WPG-N,WPG^H-N,WPG^I-N,WPM-N,WPP-N,WPX-N,WRB-N,WRB^B-N,WRB^C-N,WRB^D-N,WRB^E-N,WRD-N,WRE-N,WRI-N,WRK-N,WSM-N,WSO-N,WSO.B-N,WSR-N,WST-N,WTI-N,WTM-N,WTR-N,WTS-N,WTTR-N,WTW-N,WU-N,WUBA-N,WWE-N,WWW-N,WY-N,WYND-N,X-N,XAN-N,XAN^C-N,XEC-N,XFLT-N,XHR-N,XIN-N,XOM-N,XOXO-N,XPO-N,XRF-N,XRM-N,XRX-N,XYF-N,XYL-N,Y-N,YELP-N,YEXT-N,YPF-N,YRD-N,YUM-N,YUMC-N,ZAYO-N,ZB^A-N,ZB^G-N,ZB^H-N,ZBH-N,ZBK-N,ZEN-N,ZF-N,ZNH-N,ZOES-N,ZTO-N,ZTR-N,ZTS-N,ZUO-N,ZYME-N



,AAB-T,AAV-T,ABT-T,ABX-T,AC-T,ACD-T,ACQ-T,AD-T,ADN-T,AEF-T,AEM-T,AFN-T,AGI-T,AGT-T,AI-T,AIF-T,AII-T,AIM-T,AJX-T,AKG-T,ALA-T,ALC-T,ALO-T,ALS-T,AMM-T,ANX-T,AOI-T,APY-T,AQA-T,AR-T,ARE-T,ARG-T,ARX-T,ASM-T,ASND-T,ASO-T,ASR-T,ATA-T,ATH-T,ATL-T,ATZ-T,AUG-T,AUMN-T,AVL-T,AXR-T,AYM-T,AZ-T,AZZ-T,BAD-T,BAR-T,BB-T,BCB-T,BCE-T,BCI-T,BDI-T,BDT-T,BIR-T,BKI-T,BKX-T,BMO-T,BNE-T,BNG-T,BNP-T,BNS-T,BOS-T,BOY-T,BR-T,BRB-T,BRE-T,BRY-T,BSX-T,BTE-T,BTO-T,BUI-T,BXE-T,BYL-T,CAE-T,CAL-T,CBL-T,CCA-T,CCM-T,CCO-T,CCZ-T,CDAY-T,CDH-T,CDV-T,CEE-T,CERV-T,CET-T,CEU-T,CF-T,CFF-T,CFP-T,CFW-T,CFX-T,CG-T,CGG-T,CGI-T,CGO-T,CGT-T,CGX-T,CGY-T,CHR-T,CHW-T,CIA-T,CIGI-T,CIX-T,CJ-T,CJT-T,CKE-T,CKI-T,CLIQ-T,CLQ-T,CLS-T,CM-T,CMG-T,CMMC-T,CNE-T,CNL-T,CNQ-T,CNR-T,CNT-T,CNU-T,COG-T,COP-T,CP-T,CPG-T,CPI-T,CPX-T,CQE-T,CR-T,CRWN-T,CS-T,CSM-T,CSU-T,CTC-T,CU-T,CVE-T,CVG-T,CWB-T,CWI-T,CWL-T,CWX-T,CXI-T,CXN-T,CYB-T,CZN-T,DBO-T,DCF-T,DCM-T,DEE-T,DGC-T,DHX-T,DIAM-T,DIV-T,DML-T,DNA-T,DNG-T,DNT-T,DOL-T,DOO-T,DPM-T,DR-T,DRM-T,DRX-T,DSG-T,DW-T,DXI-T,E-T,ECA-T,ECI-T,ECN-T,ECS-T,EDR-T,EDV-T,EFH-T,EFN-T,EFR-T,EFX-T,EGL-T,EIF-T,ELD-T,ELF-T,ELR-T,EMA-T,ENB-T,ENF-T,ENGH-T,ENT-T,EOX-T,EPS-T,EQB-T,ER-T,ERD-T,ERF-T,ERM-T,ERO-T,ESI-T,ESM-T,ESN-T,ESP-T,ET-T,ETG-T,EXE-T,EXF-T,EXN-T,FAP-T,FAR-T,FC-T,FCR-T,FCU-T,FEC-T,FF-T,FFH-T,FGE-T,FM-T,FN-T,FNV-T,FOOD-T,FR-T,FRII-T,FRU-T,FSV-T,FSY-T,FSZ-T,FT-T,FTG-T,FTS-T,FTT-T,FVI-T,FVL-T,G-T,GBT-T,GC-T,GCG-T,GCL-T,GCM-T,GCT-T,GDC-T,GDI-T,GDL-T,GEI-T,GEO-T,GGA-T,GGD-T,GH-T,GIL-T,GMO-T,GMP-T,GMX-T,GOLD-T,GOOS-T,GPR-T,GPS-T,GQM-T,GS-T,GSC-T,GSV-T,GSY-T,GTE-T,GTX-T,GUY-T,GVC-T,GWO-T,GXE-T,GXO-T,GZT-T,H-T,HBC-T,HBM-T,HCG-T,HDI-T,HE-T,HLC-T,HLF-T,HNL-T,HRT-T,HRX-T,HSE-T,HWO-T,HYD-T,HZM-T,IAG-T,IAM-T,IBG-T,IBR-T,ICE-T,IDG-T,IFA-T,IFC-T,IFP-T,IGM-T,III-T,IMG-T,IMO-T,IMP-T,INQ-T,INV-T,IPCO-T,IPL-T,IPLP-T,IPO-T,IRON-T,ISV-T,ITC-T,ITH-T,ITP-T,ITX-T,IVN-T,JAG-T,JE-T,JOY-T,JWEL-T,K-T,KAT-T,KBL-T,KDX-T,KEL-T,KER-T,KEW-T,KEY-T,KFS-T,KL-T,KLS-T,KML-T,KOR-T,KRN-T,KXS-T,L-T,LAC-T,LAM-T,LB-T,LFX-T,LGD-T,LGO-T,LIF-T,LMC-T,LN-T,LNF-T,LNR-T,LUC-T,LUG-T,LUN-T,LVN-T,LXR-T,LYD-T,MAG-T,MAL-T,MAR-T,MAW-T,MAX-T,MAXR-T,MBA-T,MCB-T,MDF-T,MDI-T,ME-T,MEG-T,MEQ-T,MFC-T,MFI-T,MG-T,MGA-T,MIC-T,MIN-T,MKP-T,MND-T,MNR-T,MNW-T,MOGO-T,MOZ-T,MPC-T,MPVD-T,MRC-T,MRD-T,MRE-T,MRU-T,MSI-T,MSV-T,MTL-T,MTY-T,MUX-T,MX-T,MXG-T,NA-T,NAL-T,NB-T,NCF-T,NCP-T,NCU-T,NDM-T,NEO-T,NEXA-T,NEXT-T,NG-T,NGD-T,NGQ-T,NHK-T,NKO-T,NML-T,NMX-T,NOA-T,NPK-T,NSU-T,NTR-T,NUS-T,NVA-T,NWC-T,NXE-T,NXJ-T,OBE-T,OGC-T,OGD-T,OLY-T,OMI-T,ONEX-T,OPS-T,OPT-T,OR-T,ORA-T,ORL-T,ORV-T,OSB-T,OSK-T,OTEX-T,OXC-T,PAAS-T,PATH-T,PAY-T,PBH-T,PBL-T,PCY-T,PD-T,PDL-T,PEY-T,PG-T,PGD-T,PGF-T,PGLC-T,PHO-T,PHX-T,PKI-T,PLC-T,PMT-T,PMTS-T,PNE-T,PNP-T,POM-T,PONY-T,POU-T,POW-T,PPL-T,PPR-T,PRK-T,PRQ-T,PRU-T,PSD-T,PSI-T,PSK-T,PTG-T,PTM-T,PTS-T,PVG-T,PWF-T,PXT-T,PXX-T,PZA-T,QEC-T,QSR-T,QTRH-T,R-T,RBA-T,RCH-T,RDL-T,REAL-T,RECP-T,RET-T,RFP-T,RGX-T,RME-T,RMX-T,RNX-T,ROOT-T,ROXG-T,RRX-T,RSI-T,RTG-T,RUS-T,RY-T,S-T,SAM-T,SAP-T,SAU-T,SBB-T,SBI-T,SBR-T,SCB-T,SCL-T,SCU-T,SCY-T,SDY-T,SEA-T,SEC-T,SES-T,SEV-T,SFD-T,SGQ-T,SGY-T,SHLE-T,SHOP-T,SIA-T,SII-T,SIS-T,SJ-T,SLF-T,SLR-T,SMC-T,SMF-T,SMT-T,SNC-T,SOLG-T,SOX-T,SPB-T,SQP-T,SRHI-T,SRX-T,SSL-T,SSRM-T,STEP-T,STGO-T,STLC-T,STN-T,SU-T,SUM-T,SVB-T,SVM-T,SW-T,SWH-T,SWY-T,SXP-T,T-T,TA-T,TAO-T,TBL-T,TC-T,TCN-T,TCS-T,TCW-T,TD-T,TDG-T,TEI-T,TF-T,TFII-T,TGL-T,TGO-T,TGZ-T,THO-T,TI-T,TIH-T,TKO-T,TLO-T,TMI-T,TML-T,TMQ-T,TMR-T,TNP-T,TNX-T,TOG-T,TOT-T,TOU-T,TOY-T,TPH-T,TPK-T,TRI-T,TRL-T,TRP-T,TRQ-T,TRZ-T,TSGI-T,TSL-T,TSU-T,TV-T,TVE-T,TVK-T,TWC-T,TWM-T,TXG-T,TXP-T,TZS-T,TZZ-T,U-T,UEX-T,UFS-T,UNS-T,UR-T,URB-T,URE-T,USA-T,UWE-T,VB-T,VCM-T,VET-T,VGZ-T,VII-T,VLE-T,VLN-T,VNR-T,WCN-T,WCP-T,WDO-T,WEF-T,WEQ-T,WFC-T,WFT-T,WJA-T,WJX-T,WM-T,WN-T,WPK-T,WPM-T,WRG-T,WRN-T,WRX-T,WSP-T,WTE-T,X-T,XAU-T,XCT-T,XDC-T,XTC-T,XTG-T,Y-T,YGR-T,YRB-T,YRI-T,ZAR-T,ZCL-T,ZZZ-T,A-X,AA-X,AAD-X,AAL-X,AAN-X,AAO-X,AAP-X,AAX-X,AAZ-X,ABI-X,ABM-X,ABN-X,ABRA-X,ABZ-X,ACP-X,ACS-X,ADD-X,ADE-X,ADG-X,ADK-X,ADYA-X,ADZ-X,ADZN-X,AEC-X,AEP-X,AET-X,AEX-X,AFCC-X,AFE-X,AFF-X,AFM-X,AGB-X,AGC-X,AGD-X,AGG-X,AGL-X,AGLD-X,AGM-X,AGO-X,AGRL-X,AGZ-X,AHE-X,AHP-X,AHR-X,AHS-X,AHU-X,AIIM-X,AIS-X,AKR-X,AL-X,ALD-X,ALG-X,ALM-X,ALT-X,ALTA-X,ALTS-X,ALV-X,ALY-X,ALZ-X,AME-X,AMK-X,AMO-X,AMR-X,AMX-X,AMY-X,AMZ-X,AN-X,ANE-X,ANG-X,ANK-X,ANTL-X,ANZ-X,AORO-X,AOT-X,APL-X,APN-X,APX-X,ARA-X,ARD-X,ARH-X,ARIC-X,ART-X,ARU-X,ASI-X,ASL-X,ASN-X,ASQ-X,AT-X,ATC-X,ATG-X,ATI-X,ATM-X,ATU-X,ATV-X,ATW-X,ATY-X,AU-X,AUAU-X,AUL-X,AUN-X,AUT-X,AUU-X,AUX-X,AVG-X,AVN-X,AVU-X,AVX-X,AWE-X,AWI-X,AXE-X,AXIS-X,AXM-X,AXQ-X,AXV-X,AZM-X,AZR-X,AZS-X,AZT-X,AZX-X,B-X,BANC-X,BAT-X,BATT-X,BAY-X,BBB-X,BBI-X,BCF-X,BCK-X,BCM-X,BCP-X,BCU-X,BDG-X,BEA-X,BEAN-X,BER-X,BEW-X,BEX-X,BEY-X,BFD-X,BFF-X,BGD-X,BGG-X,BGL-X,BGM-X,BGS-X,BHR-X,BHS-X,BHT-X,BIT-X,BITK-X,BKD-X,BKM-X,BKR-X,BLN-X,BLOK-X,BLR-X,BLS-X,BME-X,BMK-X,BML-X,BMM-X,BMX-X,BNCH-X,BOL-X,BOR-X,BPLI-X,BRC-X,BRD-X,BRL-X,BRO-X,BRS-X,BRU-X,BRZ-X,BSK-X,BSR-X,BTL-X,BTR-X,BTRU-X,BTT-X,BTU-X,BTV-X,BUD-X,BUF-X,BUL-X,BUS-X,BVA-X,BWLK-X,BWR-X,BXR-X,BYN-X,BZ-X,C-X,CAD-X,CAF-X,CAND-X,CANX-X,CAP-X,CASA-X,CAV-X,CAY-X,CBA-X,CBE-X,CBG-X,CBI-X,CBLT-X,CBR-X,CBS-X,CBV-X,CBX-X,CCB-X,CCC-X,CCD-X,CCE-X,CCK-X,CCW-X,CD-X,CDA-X,CDB-X,CDC-X,CDG-X,CDU-X,CE-X,CEM-X,CEN-X,CEP-X,CFM-X,CFY-X,CGD-X,CGLD-X,CGM-X,CGP-X,CH-X,CHC-X,CHEM-X,CHN-X,CID-X,CIFR-X,CIO-X,CIT-X,CJC-X,CKG-X,CKK-X,CLB-X,CLE-X,CLH-X,CLM-X,CLY-X,CLZ-X,CMB-X,CMD-X,CMI-X,CML-X,CMU-X,CMV-X,CMX-X,CN-X,CNC-X,CNH-X,CNS-X,CNX-X,COBC-X,COIN-X,COL-X,CONE-X,COPS-X,COR-X,CORE-X,CPC-X,CPL-X,CPM-X,CPO-X,CPS-X,CPTO-X,CQR-X,CRB-X,CRE-X,CRU-X,CSL-X,CSO-X,CT-X,CTI-X,CTM-X,CTN-X,CTO-X,CTU-X,CTZ-X,CUC-X,CUI-X,CUO-X,CUU-X,CUV-X,CUX-X,CUZ-X,CVB-X,CVR-X,CVV-X,CVX-X,CWC-X,CWM-X,CWV-X,CX-X,CXB-X,CXO-X,CYF-X,CYL-X,CYM-X,CYP-X,CZZ-X,DAC-X,DAL-X,DAN-X,DAR-X,DASH-X,DAU-X,DBV-X,DCY-X,DE-X,DEC-X,DEF-X,DELX-X,DEX-X,DFR-X,DFS-X,DGO-X,DHR-X,DIA-X,DJI-X,DLC-X,DLI-X,DLS-X,DM-X,DME-X,DMGI-X,DMI-X,DMR-X,DNAX-X,DNX-X,DOS-X,DPH-X,DRV-X,DSM-X,DSV-X,DSY-X,DUG-X,DV-X,DVG-X,DVI-X,DVT-X,DWS-X,DXA-X,DXX-X,DYG-X,EAM-X,EAS-X,EAU-X,EBY-X,ECC-X,ECR-X,ECT-X,EDG-X,EGA-X,EGD-X,EGM-X,EIL-X,EL-X,ELC-X,ELM-X,ELN-X,ELO-X,ELT-X,ELY-X,EMO-X,EMR-X,EMX-X,ENA-X,ENER-X,ENRG-X,EOG-X,EP-X,EPL-X,EPO-X,EPWR-X,EQ-X,EQG-X,EQX-X,ERA-X,ERC-X,ES-X,ESK-X,ESR-X,ESS-X,ESX-X,ETF-X,ETMC-X,EU-X,EUO-X,EV-X,EVM-X,EVR-X,EVX-X,EW-X,EXG-X,EXS-X,EXX-X,F-X,FA-X,FBF-X,FBX-X,FCA-X,FCC-X,FCF-X,FDI-X,FE-X,FEO-X,FEX-X,FG-X,FGC-X,FGR-X,FIL-X,FISH-X,FIX-X,FL-X,FLGC-X,FLM-X,FLT-X,FLY-X,FMC-X,FMG-X,FMR-X,FMS-X,FNC-X,FNR-X,FO-X,FOM-X,FOR-X,FP-X,FPC-X,FPX-X,FRE-X,FREE-X,FRI-X,FRN-X,FSW-X,FTEC-X,FTI-X,FTR-X,FUND-X,FURA-X,FUU-X,FV-X,FW-X,FWZ-X,FYL-X,GAL-X,GAME-X,GAR-X,GB-X,GBR-X,GBU-X,GCCC-X,GCN-X,GCR-X,GDBO-X,GDM-X,GDP-X,GDX-X,GEL-X,GEM-X,GEMC-X,GER-X,GFG-X,GG-X,GGG-X,GGI-X,GGL-X,GGM-X,GGS-X,GGX-X,GIGA-X,GIII-X,GIS-X,GIT-X,GLB-X,GLD-X,GLDN-X,GLI-X,GLK-X,GLO-X,GLW-X,GMA-X,GMN-X,GMV-X,GNC-X,GNF-X,GNG-X,GNH-X,GNT-X,GOE-X,GOG-X,GOM-X,GOOD-X,GOP-X,GOT-X,GPG-X,GPH-X,GPLY-X,GPM-X,GPY-X,GQ-X,GQC-X,GR-X,GRAT-X,GRDM-X,GRG-X,GRI-X,GRK-X,GRO-X,GRR-X,GRZ-X,GSA-X,GSH-X,GSI-X,GSP-X,GSR-X,GSS-X,GTA-X,GTB-X,GTC-X,GTG-X,GTT-X,GUF-X,GUG-X,GUN-X,GV-X,GVG-X,GVR-X,GVY-X,GWA-X,GWM-X,GXL-X,GXR-X,GXS-X,GXU-X,GYA-X,GZD-X,GZZ-X,HAN-X,HAND-X,HAR-X,HAWK-X,HBE-X,HBK-X,HEI-X,HEMP-X,HFC-X,HI-X,HIT-X,HIVE-X,HJI-X,HME-X,HMI-X,HMT-X,HMX-X,HOC-X,HPI-X,HPL-X,HPQ-X,HPY-X,HRC-X,HRE-X,HRH-X,HRL-X,HSI-X,HTR-X,HUD-X,HUT-X,HVG-X,HWY-X,HXC-X,HZ-X,IB-X,IBC-X,IC-X,ICAU-X,ICL-X,ICM-X,ID-X,IDI-X,IDM-X,IEI-X,IES-X,IFOS-X,IFR-X,IFX-X,IGAM-X,IGO-X,IGP-X,IKM-X,ILA-X,ILC-X,ILI-X,IMA-X,IMEX-X,IMI-X,IMIN-X,IMR-X,IMT-X,INP-X,INX-X,IO-X,ION-X,IOU-X,IPC-X,IPD-X,IPG-X,IPT-X,IQ-X,IRC-X,IRI-X,IRO-X,IRR-X,ISD-X,ISO-X,ISS-X,ITG-X,ITM-X,ITR-X,ITT-X,IVC-X,IVI-X,IVS-X,IVX-X,IXI-X,IZ-X,IZN-X,IZZ-X,JADE-X,JAX-X,JCO-X,JDN-X,JEC-X,JET-X,JFC-X,JG-X,JNX-X,JOR-X,JP-X,JSE-X,JSP-X,JTC-X,JTR-X,JUB-X,JUGR-X,JZR-X,KAP-X,KAR-X,KASH-X,KBG-X,KBLT-X,KBY-X,KC-X,KCC-X,KDA-X,KEN-X,KES-X,KFG-X,KG-X,KGC-X,KGF-X,KGL-X,KLM-X,KMT-X,KNG-X,KNT-X,KNX-X,KS-X,KSI-X,KTN-X,KTO-X,KTR-X,KUB-X,KUT-X,KUU-X,KZD-X,LA-X,LAB-X,LAD-X,LAT-X,LBC-X,LBI-X,LBY-X,LDI-X,LEM-X,LEN-X,LEP-X,LEXI-X,LG-X,LHR-X,LI-X,LIC-X,LIO-X,LIT-X,LITH-X,LIVE-X,LJ-X,LL-X,LLC-X,LLG-X,LM-X,LME-X,LMG-X,LMR-X,LNC-X,LND-X,LOOP-X,LOT-X,LPC-X,LPK-X,LRA-X,LSC-X,LTE-X,LTV-X,LTX-X,LUM-X,LXE-X,M-X,MAC-X,MAD-X,MAE-X,MAH-X,MAI-X,MAP-X,MAS-X,MAT-X,MBO-X,MC-X,MCF-X,MCG-X,MCI-X,MCLD-X,MCN-X,MCO-X,MCR-X,MCS-X,MCU-X,MCX-X,MD-X,MDL-X,MDO-X,MDV-X,MED-X,MEK-X,MET-X,MEX-X,MFM-X,MFX-X,MGG-X,MGI-X,MGM-X,MHI-X,MINE-X,MIT-X,MJS-X,MKA-X,MKR-X,MKT-X,ML-X,MLG-X,MLN-X,MLR-X,MLY-X,MMA-X,MMG-X,MMM-X,MMN-X,MMS-X,MMV-X,MMX-X,MMY-X,MN-X,MNO-X,MNX-X,MNY-X,MOL-X,MON-X,MOO-X,MOON-X,MOS-X,MOX-X,MPT-X,MQR-X,MQX-X,MRI-X,MRL-X,MRO-X,MRS-X,MRZ-X,MSA-X,MSP-X,MSR-X,MTA-X,MTB-X,MTC-X,MTH-X,MTO-X,MTS-X,MTT-X,MTU-X,MTX-X,MUN-X,MUR-X,MVN-X,MVP-X,MVY-X,MWX-X,MXX-X,MYA-X,MZZ-X,NAM-X,NAN-X,NAP-X,NAR-X,NBR-X,NBVA-X,NBY-X,NCI-X,NCX-X,NDR-X,NED-X,NEE-X,NEM-X,NER-X,NEV-X,NGC-X,NGE-X,NGZ-X,NIC-X,NIM-X,NIO-X,NIP-X,NIR-X,NL-X,NLC-X,NM-X,NMG-X,NMI-X,NNA-X,NNN-X,NNP-X,NNX-X,NOB-X,NOT-X,NOU-X,NPA-X,NRG-X,NRM-X,NRN-X,NSP-X,NSX-X,NTE-X,NTQ-X,NTRL-X,NTS-X,NTY-X,NUAG-X,NUG-X,NVI-X,NVM-X,NVO-X,NVT-X,NVV-X,NVX-X,NVY-X,NW-X,NWE-X,NWX-X,NXG-X,NXN-X,NXO-X,NXS-X,NZ-X,NZN-X,NZP-X,NZZ-X,OCN-X,OCO-X,OEC-X,OEE-X,OG-X,OGO-X,OIC-X,OK-X,OLA-X,OLV-X,OM-X,OML-X,OMM-X,ONE-X,ONV-X,OOO-X,OOR-X,OPW-X,ORE-X,ORG-X,ORM-X,ORO-X,ORS-X,ORX-X,OS-X,OSI-X,OSS-X,OSU-X,OVT-X,OY-X,OYL-X,PA-X,PAC-X,PAD-X,PAL-X,PAM-X,PAN-X,PAT-X,PBM-X,PBR-X,PBX-X,PCI-X,PCO-X,PCQ-X,PCR-X,PDQ-X,PE-X,PEA-X,PEEK-X,PEH-X,PEMC-X,PEO-X,PERU-X,PEX-X,PFC-X,PFM-X,PGC-X,PGE-X,PGM-X,PGV-X,PGX-X,PGZ-X,PHD-X,PHI-X,PJT-X,PJX-X,PKT-X,PLA-X,PLAN-X,PLU-X,PLX-X,PLY-X,PML-X,PMX-X,PNG-X,PNN-X,PNO-X,POC-X,POE-X,POG-X,POOL-X,POR-X,PORE-X,PP-X,PPM-X,PPX-X,PQE-X,PRB-X,PRG-X,PRH-X,PRO-X,PROS-X,PRS-X,PRZ-X,PSH-X,PSL-X,PST-X,PTF-X,PTK-X,PTP-X,PTU-X,PUC-X,PUL-X,PUMA-X,PWM-X,PX-X,PXI-X,QGR-X,QI-X,QIC-X,QIS-X,QIT-X,QMC-X,QMX-X,QNC-X,QQ-X,QRO-X,QST-X,QTA-X,QYOU-X,QZM-X,RAB-X,RAK-X,RBE-X,RBX-X,RCG-X,RCK-X,RCLF-X,RCT-X,RDS-X,RDU-X,REG-X,REKO-X,REL-X,REN-X,REW-X,REX-X,REZ-X,RFC-X,RG-X,RGC-X,RGD-X,RGI-X,RGM-X,RHC-X,RHT-X,RIO-X,RK-X,RKR-X,RLY-X,RM-X,RMD-X,RMI-X,RMK-X,RML-X,RMO-X,RNP-X,ROCK-X,ROE-X,ROI-X,ROS-X,ROT-X,ROVR-X,ROX-X,RPC-X,RPP-X,RPX-X,RRI-X,RRL-X,RRS-X,RSS-X,RST-X,RSV-X,RSY-X,RTH-X,RTI-X,RTM-X,RTN-X,RUG-X,RUM-X,RUN-X,RUP-X,RVG-X,RVL-X,RW-X,RWR-X,RYE-X,RYO-X,RYR-X,RYU-X,RZE-X,RZL-X,RZZ-X,SA-X,SAE-X,SAH-X,SAT-X,SAY-X,SB-X,SBW-X,SCA-X,SCD-X,SCR-X,SCZ-X,SDC-X,SDE-X,SDR-X,SDX-X,SDZ-X,SEB-X,SEI-X,SEK-X,SEW-X,SFI-X,SFR-X,SFT-X,SFX-X,SGA-X,SGC-X,SGE-X,SGI-X,SGM-X,SGMA-X,SGN-X,SGU-X,SGW-X,SGX-X,SGZ-X,SHJ-X,SHL-X,SHM-X,SIC-X,SIE-X,SIL-X,SIM-X,SIQ-X,SIR-X,SJL-X,SKE-X,SKK-X,SKP-X,SLAU-X,SLK-X,SLL-X,SMB-X,SMD-X,SME-X,SMI-X,SMM-X,SMN-X,SMO-X,SMY-X,SN-X,SNF-X,SNG-X,SNM-X,SNR-X,SNS-X,SNV-X,SOC-X,SOCK-X,SOG-X,SOI-X,SOJ-X,SPA-X,SPD-X,SPI-X,SPK-X,SPN-X,SPP-X,SPX-X,SQG-X,SRA-X,SRC-X,SRE-X,SRG-X,SRI-X,SRJ-X,SRL-X,SS-X,SSA-X,SSE-X,SSG-X,SSP-X,SSS-X,SSV-X,STA-X,STAR-X,STC-X,STE-X,STH-X,STI-X,STMP-X,STS-X,SUNM-X,SUP-X,SUR-X,SURG-X,SVE-X,SVG-X,SVI-X,SWA-X,SXE-X,SXL-X,SY-X,SYH-X,SYZ-X,SZM-X,TAC-X,TAJ-X,TAL-X,TAN-X,TBR-X,TCA-X,TCC-X,TCO-X,TEM-X,TEN-X,TES-X,TEST-X,TETH-X,TG-X,TGH-X,TGR-X,TGV-X,TGX-X,THH-X,THM-X,THP-X,THX-X,TIG-X,TII-X,TIL-X,TIM-X,TIN-X,TK-X,TKU-X,TKX-X,TLA-X,TLG-X,TLK-X,TM-X,TNA-X,TNR-X,TOE-X,TOM-X,TORQ-X,TORR-X,TPC-X,TR-X,TRA-X,TRAK-X,TRM-X,TRO-X,TRS-X,TSD-X,TSG-X,TSN-X,TSP-X,TTD-X,TTR-X,TTZ-X,TUD-X,TUF-X,TUO-X,TVI-X,TVL-X,TWR-X,TWY-X,TXR-X,TYE-X,TYP-X,TZR-X,UCU-X,UFC-X,UGD-X,UHO-X,UI-X,ULI-X,UNI-X,UNO-X,URC-X,URZ-X,USS-X,UTY-X,UVN-X,VAL-X,VAN-X,VAU-X,VAX-X,VCV-X,VEIN-X,VENZ-X,VG-X,VGD-X,VGM-X,VGN-X,VHI-X,VIO-X,VIPR-X,VIS-X,VIT-X,VLC-X,VLI-X,VLT-X,VLV-X,VM-X,VML-X,VO-X,VOLT-X,VONE-X,VPY-X,VQA-X,VQS-X,VR-X,VRO-X,VRR-X,VRY-X,VSR-X,VTI-X,VTT-X,VTX-X,VUI-X,VUL-X,VUX-X,VVC-X,VYC-X,WA-X,WAF-X,WAR-X,WBE-X,WCC-X,WCE-X,WDG-X,WEB-X,WED-X,WELL-X,WGF-X,WGO-X,WHM-X,WHN-X,WHY-X,WI-X,WIL-X,WKG-X,WKM-X,WLF-X,WML-X,WMR-X,WNDR-X,WOW-X,WP-X,WPQ-X,WRI-X,WRP-X,WRR-X,WRY-X,WTER-X,WTR-X,XAG-X,XIA-X,XIM-X,XL-X,XLY-X,XND-X,XOP-X,XTM-X,XTT-X,XX-X,YAK-X,YD-X,YFI-X,YMI-X,YNV-X,YOO-X,YTY-X,Z-X,ZAD-X,ZC-X,ZDC-X,ZEE-X,ZEN-X,ZFR-X,ZKL-X,ZMA-X,ZMD-X,ZNG-X,ZNX-X,ZON-X,ZUM-X,